repo_url,stars,forks
https://github.com/binux/pyspider,16090,3726
https://github.com/dgtlmoon/changedetection.io,12871,716
https://github.com/janeczku/calibre-web,10314,1159
https://github.com/langgenius/dify,9426,1390
https://github.com/OctoPrint/OctoPrint,7693,1667
https://github.com/flask-admin/flask-admin,5503,1566
https://github.com/Mailu/Mailu,4963,759
https://github.com/infobyte/faraday,4270,852
https://github.com/ckan/ckan,4073,1947
https://github.com/UndeadSec/SocialFish,3666,1243
https://github.com/fossasia/open-event-server,2913,1888
https://github.com/kizniche/Mycodo,2686,456
https://github.com/cider-security-research/cicd-goat,1670,226
https://github.com/getsentry/sentry-python,1643,459
https://github.com/pinterest/querybook,1565,200
https://github.com/fossasia/open-event-legacy,1468,42
https://github.com/diyhue/diyHue,1432,260
https://github.com/ctf-wiki/ctf-challenges,1327,433
https://github.com/nccgroup/house,1267,209
https://github.com/OpnTec/open-event-server,1225,4
https://github.com/dongweiming/web_develop,1201,537
https://github.com/thiagoralves/OpenPLC_v3,842,372
https://github.com/cryptoadvance/specter-desktop,759,238
https://github.com/jhpyle/docassemble,679,241
https://github.com/Lookyloo/lookyloo,601,72
https://github.com/AdamGold/Dryvo,597,127
https://github.com/gae-init/gae-init,538,131
https://github.com/USTC-Hackergame/hackergame2021-writeups,444,80
https://github.com/DataDog/dd-trace-py,443,415
https://github.com/GT4SD/gt4sd-core,271,57
https://github.com/lattebank/airflow-dag-creation-manager-plugin,261,89
https://github.com/armadillica/flamenco,256,53
https://github.com/timkpaine/paperboy,242,27
https://github.com/fedora-infra/anitya,219,93
https://github.com/pandora-analysis/pandora,217,31
https://github.com/miguelgrinberg/aioflask,200,16
https://github.com/tillsteinbach/VWsFriend,180,13
https://github.com/RansomLook/RansomLook,167,29
https://github.com/roramirez/qpanel,164,105
https://github.com/amirotin/Kinopoisk.bundle,159,41
https://github.com/mardix/assembly,159,7
https://github.com/titipata/detecting-scientific-claim,140,19
https://github.com/gil9red/SimplePyScripts,139,34
https://github.com/passiomatic/coldsweat,129,20
https://github.com/chakki-works/chABSA-dataset,128,9
https://github.com/valhuber/ApiLogicServer,125,22
https://github.com/teal33t/poopak,122,30
https://github.com/Drakkar-Software/OctoBot-Tentacles,113,67
https://github.com/cpmarvin/lnetd,113,12
https://github.com/dpinney/omf,110,61
https://github.com/misakar/mana,103,17
https://github.com/EdwardBetts/osm-wikidata,99,20
https://github.com/adisonhuang/flask-blog,99,38
https://github.com/AdrianVollmer/Crack-O-Matic,98,3
https://github.com/on-nix/python,97,41
https://github.com/lipis/github-stats,91,14
https://github.com/InQuest/ThreatKB,90,19
https://github.com/BlenderKit/blenderkit,89,16
https://github.com/conbench/conbench,89,19
https://github.com/bkbilly/AlarmPI,82,12
https://github.com/PacktPublishing/Hands-On-Graph-Analytics-with-Neo4j,75,43
https://github.com/facundoolano/feedi,73,4
https://github.com/kaushikraj/sb-admin-2-flask-admin,66,27
https://github.com/mediacloud/web-tools,64,31
https://github.com/sunhetao/walnuts,59,19
https://github.com/robalb/morsechat,58,5
https://github.com/deep-learning-indaba/Baobab,52,34
https://github.com/keithjjones/malgazer,51,17
https://github.com/Kyria/LazyBlacksmith,48,27
https://github.com/adam-p/danforth-east,48,14
https://github.com/madvas/gae-angular-material-starter,48,18
https://github.com/marcus67/little_brother,48,8
https://github.com/Language-Tools/anki-hyper-tts,46,7
https://github.com/buptyyf/cartoonDataShow,44,25
https://github.com/StartupsPoleEmploi/labonneboite,42,15
https://github.com/Koubae/Programming-CookBook,41,18
https://github.com/smartgridadsc/OpenPLC61850,39,14
https://github.com/SYSUMonkeyEye/MonkeyEye-Server,38,21
https://github.com/cuttlesoft/flask-bitmapist,38,8
https://github.com/ZHAISHENKING/izone,37,27
https://github.com/gae-init/gae-init-upload,36,15
https://github.com/hammerlab/cycledash,35,2
https://github.com/dynilib/submission,34,8
https://github.com/mrgambal/vulyk,34,6
https://github.com/Bitwise-01/Apex-2.0,31,5
https://github.com/abhioncbr/docker-airflow,31,5
https://github.com/armadillica/pillar,31,4
https://github.com/ypmc/flask-sqlalchemy-web,31,41
https://github.com/houmie/sso,28,14
https://github.com/NDHWAlliance/gitlab-analytics,27,4
https://github.com/microsoft/CodeGenerationPoisoning,27,3
https://github.com/ChuckMac/ADRFinder,26,13
https://github.com/gae-init/gae-init-babel,26,9
https://github.com/toconnell/kdm-manager,26,11
https://github.com/burglarhobbit/machine-reading-comprehension,25,11
https://github.com/PaccMann/paccmann_datasets,24,6
https://github.com/RCOSDP/weko,24,44
https://github.com/Virusmater/togger,23,4
https://github.com/pass-culture/pass-culture-api,23,7
https://github.com/Muxi-X/muxi_site,22,12
https://github.com/andrebaldo/python-vue-spa-boilerplate,22,19
https://github.com/intel/tcf,22,30
https://github.com/ckan/ckan-service-provider,21,22
https://github.com/dchaplinsky/unshred-tag,21,9
https://github.com/sciapp/sampledb,21,9
https://github.com/seiferta/eMonitor,21,14
https://github.com/hipster-philology/pyrrha,20,17
https://github.com/mxcube/mxcubeweb,19,34
https://github.com/paxswill/evesrp,19,13
https://github.com/DSU-DefSec/ScoringEngine,18,7
https://github.com/LawAlias/gisflask,18,12
https://github.com/SNIA/Swordfish-API-Emulator,18,19
https://github.com/Stumblinbear/Prism,18,2
https://github.com/ffont/freesound-explorer,18,3
https://github.com/hjkgrp/MOFSimplify,18,3
https://github.com/Stasonis/fitbit-api-example-python,16,14
https://github.com/gae-init/gae-init-debug,16,4
https://github.com/glotzerlab/signac-dashboard,16,6
https://github.com/kawa-kokosowa/bubblebbs,16,3
https://github.com/mitmedialab/MediaCloud-Dashboard,16,6
https://github.com/rtp-book/project,16,6
https://github.com/SDN-Security/TENNISON,15,7
https://github.com/kawa-kokosowa/urlink,15,1
https://github.com/gae-init/gae-init-docs,14,18
https://github.com/mistergates/ipmon,14,10
https://github.com/parity-asia/hackathon-2023-summer,14,77
https://github.com/redislabs-training/keybase,14,2
https://github.com/Darrenzzy/pro-guide,13,6
https://github.com/academic-resources/stared-repos,13,11
https://github.com/beched/ctf,13,4
https://github.com/digicoop/frasco,13,1
https://github.com/lowks/Airflow,13,15
https://github.com/statgen/encore,13,6
https://github.com/Club-Alpin-Annecy/collectives,12,17
https://github.com/Crossoufire/MyLists,12,4
https://github.com/Drakkar-Software/OctoBot-Services,12,22
https://github.com/ZeusWPI/Haldis,12,15
https://github.com/charliewolf/flask-sqlalchemy-rls,12,0
https://github.com/cndn/intelligent-code-completion,12,13
https://github.com/paris-saclay-cds/ramp-board,12,17
https://github.com/yeyeto2788/Things-Organizer,12,1
https://github.com/zhonghcc/picmeup,12,4
https://github.com/alvinwan/quupod,11,2
https://github.com/bodik/sner4,11,5
https://github.com/dmitryduev/DeepStreaks,11,2
https://github.com/ericsouza/flask-sketch,11,2
https://github.com/hriks/user_management,11,2
https://github.com/mediatum/mediatum,11,7
https://github.com/mertcangokgoz/QSNMP,11,2
https://github.com/tla/stemmaweb,11,9
https://github.com/wthueb/fundonebot,11,8
https://github.com/xutaoding/quart,11,1
https://github.com/AtlantixJJ/frame-difference-loss,10,1
https://github.com/BUILT-CoLAB/license-key-manager,10,3
https://github.com/PUM13-2023/pum13-2023,10,1
https://github.com/PYART0/PyART,10,6
https://github.com/imfht/flaskapps,10,5
https://github.com/nihaohello/My_Online_Scan,10,3
https://github.com/ondiekelijah/Physician-Request-Web-App,10,1
https://github.com/sprin/pg-discuss,10,1
https://github.com/streety/flask-second-factor-auth,10,2
https://github.com/LiuFang816/SALSTM_py_data,9,7
https://github.com/Studio-Yandex-Practicum/bot_delo_zhivet,9,11
https://github.com/airq-dev/hazebot,9,1
https://github.com/cloudsriseup/CollabPentestFramework,9,6
https://github.com/gureuso/first_flask,9,5
https://github.com/mozilla-releng/shipit,9,25
https://github.com/xspurs/flaskblog,9,0
https://github.com/zesje/zesje,9,1
https://github.com/ContinuumIO/flask-kerberos-login,8,10
https://github.com/Muxi-Studio/muxiOOOOOauth,8,2
https://github.com/UTA-FabLab/OctoPuppet,8,2
https://github.com/bitraf/p2k16,8,10
https://github.com/duducosmos/livro_python,8,6
https://github.com/freedomgames/Planet-Lab,8,16
https://github.com/hackenbergstefan/coffeebuddy,8,3
https://github.com/paigerodeghero/TigerDataCoding,8,7
https://github.com/schwartz721/role_required,8,1
https://github.com/tsonglew/learn-python,8,0
https://github.com/victims/victims-web,8,5
https://github.com/HackHerz/padwoman,7,4
https://github.com/Muxi-Studio/culturalfes,7,1
https://github.com/ScilifelabDataCentre/dds_web,7,7
https://github.com/Uninett/probe-website,7,8
https://github.com/VSOURCE-Platform/VSOURCE_FACE_PLATFORM,7,0
https://github.com/anpylar/flaskpylar,7,0
https://github.com/dmitryduev/zwickyverse,7,3
https://github.com/geokrety/geokrety-api,7,3
https://github.com/hdgs/guisheng_be,7,2
https://github.com/howardyan93/fab,7,3
https://github.com/neovintage/heroku-airflow,7,4
https://github.com/razzius/weave,7,2
https://github.com/techfreaque/octane,7,6
https://github.com/tsonglew/Votes,7,2
https://github.com/wangdabin1216/airflow-dag-creation-manager-plugin-python3,7,3
https://github.com/3dem/emhub,6,2
https://github.com/BigDataMatrix/DataPipeline,6,0
https://github.com/IBM-EPBL/IBM-Project-14442-1659585720,6,9
https://github.com/acm-uiuc/concert,6,3
https://github.com/bgmnbear/flask-bbs,6,1
https://github.com/decompetition/server,6,0
https://github.com/jonnykry/infilcheck,6,3
https://github.com/manshar/birwaz,6,0
https://github.com/mardix/Mocha,6,1
https://github.com/muxi-mini-project/2017-diary-backend,6,1
https://github.com/onaio/superset-patchup,6,7
https://github.com/racinel200/DeviceManagerRDMUIC,6,4
https://github.com/search5/octobersky,6,0
https://github.com/smonagh/flask-password-reset,6,6
https://github.com/standard-chartered/stratus-safecloud,6,1
https://github.com/zaratsian/docker_containers,6,8
https://github.com/ztane/pyramid-admin,6,0
https://github.com/ApiLogicServer/ApiLogicServer-src,5,0
https://github.com/Ctrlsman/utils,5,0
https://github.com/DAWMFIEC/CCPG1010,5,12
https://github.com/EdinburghGenomics/Reporting-App,5,1
https://github.com/JennaSys/pcra,5,2
https://github.com/Language-Tools/anki-language-tools,5,0
https://github.com/MarekSuchanek/repocribro,5,2
https://github.com/PIALARA/pia-lara,5,7
https://github.com/Ptt-official-app/PyOpenBBSMiddleware,5,1
https://github.com/RUGSoftEng/2018-PyDash.io,5,2
https://github.com/abannang/3-tier-HA-Python-Flask-App,5,4
https://github.com/atlanticwave-sdx/atlanticwave-proto,5,6
https://github.com/atulmishra-one/dairy_management_portal,5,3
https://github.com/awesome-davian/lab.home,5,1
https://github.com/bujnlc8/admin-gsc,5,6
https://github.com/denisafanasev/neurohealth.care,5,0
https://github.com/drizzleco/create-flask-app,5,0
https://github.com/freddygarcia/flask_template,5,1
https://github.com/gesiscss/binder_gallery,5,1
https://github.com/greatabel/FlaskRepository,5,0
https://github.com/inveniosoftware/invenio-accounts,5,64
https://github.com/leixiayang/PythonWeb-,5,1
https://github.com/matejak/estimagus,5,0
https://github.com/mimre25/graph-visual,5,1
https://github.com/misakar/rest,5,1
https://github.com/navanchauhan/SaaS-in-a-Flask,5,0
https://github.com/postmodern-paste/postmodern-paste,5,0
https://github.com/prefeiturasp/SME-PratoAberto-Editor,5,6
https://github.com/quanpower/smart-iiot,5,1
https://github.com/reanahub/reana-server,5,29
https://github.com/scizen9/sedmpy,5,4
https://github.com/sunlightlabs/the-phantom-mask,5,2
https://github.com/teknologkoren/flasquelistan,5,3
https://github.com/tullyclark/notasi,5,2
https://github.com/vishnugt/TOTP-protected-file-hosting,5,0
https://github.com/zaratsian/DL_Image_Classification,5,6
https://github.com/AZLisme/sihoo,4,1
https://github.com/EdwardBetts/owl-map,4,0
https://github.com/Jugendhackt/fakeIDsharing,4,2
https://github.com/MTecknology/homedata,4,0
https://github.com/OSLL/asm_web_debug,4,0
https://github.com/STU940652/CTS_Scoreboard,4,0
https://github.com/UmaSupporter/UmaSupporter.Server,4,3
https://github.com/YcMcGong/TheSmileyApp,4,1
https://github.com/ajmorenodelarosa/wodbooster,4,2
https://github.com/asso-msn/msn-web,4,0
https://github.com/bridgermusic/easy-graphql-server,4,0
https://github.com/bunnylab/flask-zkpp,4,1
https://github.com/crs4/life_monitor,4,4
https://github.com/dajiaji/flask-paseto-extended,4,0
https://github.com/diyoraa01/CS411,4,1
https://github.com/doccaz/labvirtual,4,0
https://github.com/dremerb/kacky_schedule,4,1
https://github.com/dssg/tyra,4,1
https://github.com/gae-init/gae-init-magic,4,0
https://github.com/geyunxiang/mmdps,4,2
https://github.com/gsternagl/python-diematic,4,4
https://github.com/gwf-uwaterloo/cuizinart,4,0
https://github.com/importer/goflow,4,2
https://github.com/isi-nlp/boteval,4,0
https://github.com/kheabrosec/AlertGateway,4,0
https://github.com/khoi-nguyen/mathsnuggets,4,2
https://github.com/kosc/neobug,4,2
https://github.com/lipis/crypto-pocket,4,0
https://github.com/liqiang0508/PythonStudy,4,1
https://github.com/mikelmcdaniel/grade-oven,4,2
https://github.com/mindsync-ai/mvp,4,2
https://github.com/mongulu-cm/mtchoun-mouh,4,2
https://github.com/openearth/sdc-visualization,4,1
https://github.com/techfreaque/octo-ui-2,4,4
https://github.com/tnugent97/FutAir,4,1
https://github.com/topless/ranking-app,4,0
https://github.com/tsonglew/sentiment-analysis,4,0
https://github.com/zNitche/ao3-web-reader,4,0
https://github.com/zainosaurus/spotify-app,4,2
https://github.com/Archive-42/Cloned-Repos,3,7
https://github.com/Ceredira/CerediraTess,3,3
https://github.com/Endi0n/LabIP,3,0
https://github.com/Gubchik123/ITish,3,0
https://github.com/IBM-EPBL/IBM-Project-25-1658148126,3,0
https://github.com/IBM-EPBL/IBM-Project-3252-1658509040,3,7
https://github.com/Input-BDF/SARS_CoV_2_Contact_Registration,3,2
https://github.com/JNUGeek/JNUGeek.github.io,3,1
https://github.com/KebleBall/Eisitirio,3,2
https://github.com/Lookyloo/monitoring,3,1
https://github.com/OrvilleX/xflow,3,1
https://github.com/PYART0/PyART-demo,3,3
https://github.com/Taletex/CoreAAS-based-application,3,1
https://github.com/TheCDC/journal_app,3,0
https://github.com/TomGoBravo/tourist-with-flask,3,0
https://github.com/WaIdo/infocollecttool,3,3
https://github.com/a0x8o/airflow,3,2
https://github.com/akashtalole/python-flask-restful-api,3,1
https://github.com/anstones/py-collection,3,0
https://github.com/beefjerky/new_airflow,3,1
https://github.com/bonn-activity-maps/bam_annotation_tool,3,1
https://github.com/bsc-iitm/soft-engg-project-jan-2023-group-4-synergy_4apd,3,1
https://github.com/btulab/eyeCU,3,1
https://github.com/clemenstyp/SnackBar,3,2
https://github.com/cwojick48/moonlight-coder,3,1
https://github.com/ddcw/ei,3,0
https://github.com/dpinney/coopforecast,3,1
https://github.com/dpinney/r3it,3,0
https://github.com/ezyang/stenowiki,3,0
https://github.com/ghdic/marinelifeirony,3,3
https://github.com/harveybc/data-logger,3,0
https://github.com/jajberni/pcse_web,3,2
https://github.com/jamebluntcc/flask_auth_system,3,1
https://github.com/jendyren/emission,3,2
https://github.com/kaw393939/flask_auth,3,12
https://github.com/kime/kime,3,1
https://github.com/kira-lin/ve450-declarative-deployment-framework,3,1
https://github.com/kpielacki/ece-567,3,2
https://github.com/lemonoil/ArkPunk,3,1
https://github.com/lila/flask-dance-fitbit,3,2
https://github.com/mpdavis/vinz,3,5
https://github.com/ncthuc/flask-api-boilerplate,3,8
https://github.com/niaid/nephele2,3,3
https://github.com/nivesnine/flask-semantic-ui-mvc,3,1
https://github.com/number13dev/mincloud,3,3
https://github.com/pangyemeng/myjob,3,3
https://github.com/pjotrp/yaj,3,6
https://github.com/proganalysis/python3_types,3,3
https://github.com/ryananeff/medtracker,3,1
https://github.com/sabi/nervos,3,0
https://github.com/serenasensini/Docker-per-Django-e-Postgres,3,0
https://github.com/tanisman/heliumover,3,0
https://github.com/tassaron/muffin-shop,3,0
https://github.com/telecran-telecrit/drawboard-json,3,0
https://github.com/ualberta-smr/PyMigBench,3,0
https://github.com/ucsb-seclab/hacrs,3,2
https://github.com/wurstmineberg/wurstmineberg.de,3,4
https://github.com/yotron/s3app,3,0
https://github.com/2020SeniorProject/CS-490-Senior-Project,2,0
https://github.com/4321baoxueyi/volume-visual,2,0
https://github.com/Antonboom/dressing_room_API,2,0
https://github.com/Aragroth/python-online-programming,2,0
https://github.com/Arjun31415/Microblog,2,0
https://github.com/ArtSN7/VERK-WebProject,2,0
https://github.com/Bekt/flask-start,2,0
https://github.com/BenjaminPelletier/streamtagger,2,0
https://github.com/CPS714-GROUP-12/cps714project,2,1
https://github.com/FagnerGoncalves/projeto_integrador,2,0
https://github.com/Firdauskunju/OpenPLC104,2,0
https://github.com/IBM-EPBL/IBM-Project-18932-1659691407,2,5
https://github.com/IBM-EPBL/IBM-Project-40427-1660629312,2,0
https://github.com/IBM-EPBL/IBM-Project-6196-1658824445,2,2
https://github.com/IBM-EPBL/IBM-Project-7646-1658895017,2,2
https://github.com/JungbeomLee/SEM.Community-FLASK,2,2
https://github.com/MIT-Tab/mittab-deploy,2,1
https://github.com/NICHD-BSPC/effort-log,2,0
https://github.com/PlanetaryResources/pid,2,0
https://github.com/RicardoAJPinto/Back-End-ProjectoFinal,2,0
https://github.com/SuddenDevs/SuddenDev,2,0
https://github.com/The-Syntax-Sorcerers/ava,2,0
https://github.com/adriaesteve/bmexFunding,2,0
https://github.com/antsala/eHacking_LABS,2,1
https://github.com/aprosdev/ecom-predictor,2,1
https://github.com/ashley-cui/PlaylistRun,2,0
https://github.com/ashleycollinge1/SELMgmt,2,0
https://github.com/benregn/flask-python-social-auth,2,1
https://github.com/cdong1995/DBProj1,2,0
https://github.com/cviaai/coronomy,2,1
https://github.com/derrxb/adb-final,2,2
https://github.com/doaa-altarawy/covid_xrays,2,1
https://github.com/dwelle/excalidraw-json,2,10
https://github.com/ercjns/LostTime,2,2
https://github.com/erelsgl-at-ariel/research-5782,2,0
https://github.com/eruvanos/warehouse14,2,2
https://github.com/fangpenlin/rocket-launcher,2,0
https://github.com/gomyar/metaphor,2,0
https://github.com/huijari/gae_test,2,0
https://github.com/igormcsouza/flask-pywebview,2,0
https://github.com/imfht/flaskapp1,2,5
https://github.com/irobert0126/MonitorDroid,2,2
https://github.com/jmu-isgroup/pjs-ebd-ws22_23,2,0
https://github.com/kacperson/ZabawkoweOkazje,2,3
https://github.com/kaushikraj/flask-admin-auth-usermixin,2,3
https://github.com/longstem/marvin,2,0
https://github.com/lukasheinrich/code-snippets,2,0
https://github.com/m0xbf/onlinetools-copy,2,3
https://github.com/marcus67/python_base_app,2,1
https://github.com/merlinepedra/SocialFish,2,0
https://github.com/mitmedialab/MediaMeter-Skeleton,2,2
https://github.com/moneyball-dk/moneyball_app,2,1
https://github.com/mpdavis/319-project,2,2
https://github.com/muxcc/Kinopoisk.bundle,2,0
https://github.com/narbagnagin/airflow-tutorial,2,0
https://github.com/nesosuke/BookCollectionService,2,2
https://github.com/newtoallofthis123/NoobPaste,2,0
https://github.com/nfd/boyfriend-of-zelda,2,0
https://github.com/nkrokhmal/umalat,2,0
https://github.com/ondiekelijah/Automobile-Spares-Management-System,2,0
https://github.com/ondiekelijah/Flask-Blog,2,1
https://github.com/pave/pylint_flask_ext,2,2
https://github.com/pdamoune/boilerplate,2,1
https://github.com/quanpower/Friday,2,0
https://github.com/sankamuk/airflow-localexecutor,2,1
https://github.com/seanmckaybeck/FlaskTemplate,2,0
https://github.com/sofikalugina/parashoes,2,0
https://github.com/ssleap/bication,2,1
https://github.com/sssemion/xakanet2021,2,0
https://github.com/tassaron/tabletop-story,2,0
https://github.com/tbj128/mian,2,4
https://github.com/tolgahanuzun/steemit-analiysis,2,0
https://github.com/uknof/shortener,2,0
https://github.com/urbas/webpi,2,0
https://github.com/uva-hydroinformatics/FloodWarningModelProject,2,1
https://github.com/vvarodi/TheaterWebFlask,2,1
https://github.com/wanman/incubator-airflow,2,2
https://github.com/webclinic017/Termux,2,1
https://github.com/windwave/windmapchina,2,0
https://github.com/wpi-acm/Hack-WPI-Python,2,1
https://github.com/wu-wenxiang/ZZLARGE-Project-Flask-abbyBlog,2,2
https://github.com/xiakunhou/FlaskProject,2,0
https://github.com/zmailloux/ping-pong-monitor,2,0
https://github.com/21F0rc3/Portefolio,1,0
https://github.com/AIn0n/akwarium,1,1
https://github.com/AbaPro/Human-Fall-Detection,1,0
https://github.com/Adeema-Amir/Deema-Shopping-Mart-With-Django,1,0
https://github.com/Atwinenickson/Socialmediaclassifier-,1,0
https://github.com/Beyyes/Titan,1,0
https://github.com/BrainAnnex/brain-annex,1,1
https://github.com/CK-ghub/EzMart-Shopping-Website,1,0
https://github.com/CyberSoc-Newcastle/owasp-falihax,1,11
https://github.com/DecentralAI-HackFS/DecentralAI,1,0
https://github.com/Dhruv-Sabharwal/HyperHire,1,0
https://github.com/EnterpriseyIntranet/teap,1,2
https://github.com/FeatureBaseDB/SlothAI,1,1
https://github.com/IBM-EPBL/IBM-Project-20955-1659767896,1,2
https://github.com/IBM-EPBL/IBM-Project-52881-1661172787,1,0
https://github.com/Ingi-Hong/PhotoshareApp,1,0
https://github.com/Jamie-/ctf-flag-tracker,1,0
https://github.com/KeithLev/Devops-Course-Starter,1,0
https://github.com/Language-Tools/anki-vocabai,1,0
https://github.com/MADScience-Team/fasttextdb,1,0
https://github.com/Matteas-Eden/AUCS_Hackathon_2019,1,1
https://github.com/MegatronBultema/FraggleRockHits_public,1,0
https://github.com/MolSSI/qikpropservice,1,0
https://github.com/NTU-ToolmenLab/labbox,1,0
https://github.com/OSQUAREG/sciscut-url-shortener-flaskapi-reactjs,1,0
https://github.com/PredatorFeesh/PointMe-,1,0
https://github.com/PredatorFeesh/RestaurantSystem-csc322,1,0
https://github.com/Priyankadev/pyvoting,1,3
https://github.com/REO2248/krdict_http_server,1,0
https://github.com/RishabhGupta34/Codechef_App,1,0
https://github.com/Russ95/4111_web_application,1,0
https://github.com/SacStateOctobots/RowingClubWebsite,1,0
https://github.com/Sapphirine/Google-Merchandise-Store-Data-Analysis,1,3
https://github.com/Shalyne-Waweru/Mic-Drop,1,0
https://github.com/TAS-scorchedshadow/ProAnalytics,1,0
https://github.com/Textrade/Textrade,1,0
https://github.com/VitorBonella/ProjetoIntegrado1-2021-1,1,0
https://github.com/Waynel65/C2_Engineering_Project,1,1
https://github.com/WoodyZantzinger/dota2groupme,1,4
https://github.com/Yogorouza/Shanari,1,0
https://github.com/ZacBlanco/ChefBoyRD,1,3
https://github.com/aatmdev/apacheairflow,1,0
https://github.com/aktechthoughts/airflow-examples,1,0
https://github.com/alexcolls/mars-attack,1,0
https://github.com/avalentino/slim,1,0
https://github.com/badubizzle/flask-graphql,1,0
https://github.com/beasteers/uoimdb,1,1
https://github.com/bhsei/20_C,1,1
https://github.com/cernops/acron,1,2
https://github.com/chriss1245/movie_theather,1,0
https://github.com/cosformula/SHU-Club-Manager,1,0
https://github.com/dannycrief/flask_scheduler,1,0
https://github.com/devtlv/Python-S19,1,3
https://github.com/devtlv/kids_2020,1,0
https://github.com/dkohlsdorf/wdp-ds,1,0
https://github.com/ehknight/ESG,1,0
https://github.com/erelsgl-at-ariel/research-5783,1,3
https://github.com/eric-erki/Mycodo,1,2
https://github.com/eseom/flaskpack,1,0
https://github.com/falquaddoomi/slm_histviz,1,1
https://github.com/fangpenlin/rocket-launcher-sampleapp,1,0
https://github.com/fbkarsdorp/deepflow,1,1
https://github.com/freelancer/freelancer-oauth-demo-app,1,3
https://github.com/gabrieldutra/gae-python-jobstest,1,0
https://github.com/haze/ill.fi,1,1
https://github.com/headrun/SWIFT,1,0
https://github.com/hugorodgerbrown/lido-temp,1,0
https://github.com/ideascube/bsfcampus-api,1,0
https://github.com/imind-inc/blog,1,0
https://github.com/invenio-toaster/invenio-accounts,1,0
https://github.com/jbaiad/jobhunter,1,0
https://github.com/jdraiv/FlaskAuth,1,1
https://github.com/jerbaroo/flask-access,1,0
https://github.com/jeremystevens/pybin2,1,0
https://github.com/jeremystevens/pybinV1,1,0
https://github.com/jeremystevens/spacenook,1,0
https://github.com/jlopezvi/Consensus,1,0
https://github.com/joshbrew/robo-animator,1,2
https://github.com/jphacks/C_2204,1,2
https://github.com/jphacks/D_2117,1,2
https://github.com/jszhtian/SimpleTM,1,0
https://github.com/jtschoonhoven/capture-the-flag,1,2
https://github.com/juli-vert/VueFlaskLogin,1,0
https://github.com/kamaal44/Termux-2,1,0
https://github.com/kamoltat/ParserPals-hackbeanpot2019,1,0
https://github.com/kellpossible/gear-store-inventory,1,0
https://github.com/kyujin-cho/dockerwatcher,1,0
https://github.com/labeneator/flask-roles,1,1
https://github.com/level12/keg-auth,1,4
https://github.com/m4nik1/ScoutingDatabase,1,0
https://github.com/mackerelstorm/DAT250,1,0
https://github.com/manojnuvvala/FlaskDevelopment,1,0
https://github.com/michael7nightingale/Memories-Flask,1,0
https://github.com/mitmedialab/MediaMeter-Frequency,1,0
https://github.com/mitmedialab/MediaMeter-Mentions,1,0
https://github.com/mprohorov/YuMu,1,0
https://github.com/mskcc/igo-sample-qc-backend,1,1
https://github.com/mwollenweber/BlockManager,1,0
https://github.com/ncsa/jiracmdline,1,0
https://github.com/neilpatel13/Banking-Application,1,0
https://github.com/niclabs/adkintunmobile-server,1,1
https://github.com/omartarek198/Smart_Fleet_Tracking_System,1,0
https://github.com/ondiekelijah/Hostel-Reach-and-Reservation,1,0
https://github.com/ondiekelijah/Truck-Hiring-Web-App,1,0
https://github.com/pcarleton/google-signin-example,1,0
https://github.com/prabeesh/flask-example,1,0
https://github.com/priyankamistry18/IS601-007,1,0
https://github.com/profi248/photoghast,1,0
https://github.com/raskitoma/pls_admin,1,2
https://github.com/retroherna/rhinventory,1,0
https://github.com/robinlin1973/vr_demo,1,0
https://github.com/shatsky/dnsfw,1,0
https://github.com/smurphboy/OARCLogger,1,0
https://github.com/software-students-fall2022/final-project-project5team10,1,3
https://github.com/somdev-hub/palmchat,1,0
https://github.com/sorsater/on-course,1,0
https://github.com/sunnypranay/style-and-smile,1,7
https://github.com/susravan/User-behavior-logging,1,0
https://github.com/sync-for-science/auth-proxy,1,0
https://github.com/topless/less-tabs,1,0
https://github.com/trb116/pythonanalyzer,1,3
https://github.com/troop380/Quartermaster-game,1,3
https://github.com/voipiran/qpanel,1,0
https://github.com/voipiran/qpanel-dev,1,0
https://github.com/weblab-class/minerva-news,1,1
https://github.com/witkiewiczmikolaj/helbreder,1,0
https://github.com/wyc-wyll/CS411_RealBuddy,1,0
https://github.com/znes/openmod.sh,1,1
https://github.com/1roshanekka/GroceryStore,0,1
https://github.com/2022-csc-59866/Notary-Business-Website,0,0
https://github.com/3104yoshi/Myblog,0,0
https://github.com/3104yoshi/Ranking_new,0,0
https://github.com/3104yoshi/docker_sample,0,0
https://github.com/440hzStudio/musicresults,0,0
https://github.com/AChelikani/Puzzle-Hunt-Site,0,0
https://github.com/AaronCrawfis/HesburghHack2017,0,0
https://github.com/AdeelAmad/mumbo-backend,0,0
https://github.com/Adhithya7/IS601-007,0,0
https://github.com/AeonSw4n/CS460Pa1,0,0
https://github.com/AgusITSEC/TEST-ADguardrail,0,0
https://github.com/AlShag/OilCalculator,0,0
https://github.com/Alestrange/Womanup,0,0
https://github.com/AlexApps99/tt2,0,0
https://github.com/AlexandreClose/iatradingbot,0,3
https://github.com/AlysonBasilio/Alfred,0,0
https://github.com/AminuBishir/blog-with-flask,0,0
https://github.com/Andrewerr/GoTo_help_Flask,0,0
https://github.com/Apexal/fieri,0,0
https://github.com/Artembase/Python_Flask,0,0
https://github.com/ArturZiolkowski1999/fluskProjects,0,0
https://github.com/AsadHusn/Python,0,0
https://github.com/Babchenok1work/FlaskExample,0,0
https://github.com/Bachmann1234/FitbitFlaskTemplate,0,2
https://github.com/Bana2232/Teacher_of_the_future,0,0
https://github.com/BenMueller1/Flask-PyTorch-image-classifier,0,0
https://github.com/BenjaminSchubert/mtgcollector,0,0
https://github.com/BogiThomsen/NEMT,0,0
https://github.com/BreakerZero/Nyan-CAT,0,0
https://github.com/BreretonCodez/CTP-Website,0,0
https://github.com/BreretonCodez/testapp,0,0
https://github.com/Bryan3D/Saas_App_55_vol01,0,0
https://github.com/BurpBurp/AppDevProj,0,0
https://github.com/CADDE-sip/catalog_tool,0,1
https://github.com/CAJames1995/flaskmvc,0,0
https://github.com/CMU-CREATE-Lab/breathecam_view_planner,0,0
https://github.com/CMU-Senate/tcc-room-reservation,0,0
https://github.com/COMP-3613-Software-Engineering-2/techkings-business-app,0,2
https://github.com/COMP3613-SimpleSolutions/Asg1-,0,0
https://github.com/COMS-6156-Half-Half/Project_Product,0,0
https://github.com/COUR4G3/flask-cfaccess,0,0
https://github.com/Capstone-Projects-2022-Spring/project-pill-io,0,0
https://github.com/CaterHll/qpanel,0,0
https://github.com/Chrd26/spying-eye,0,0
https://github.com/ChuJiaWen/w4111-project1,0,1
https://github.com/Club-Alpin-Annecy/collectives-materiel,0,1
https://github.com/CodingJinxx/nonogram,0,0
https://github.com/CornellHackingClub/Botfly,0,3
https://github.com/Crown-Commercial-Service/digitalmarketplace-brief-responses-frontend,0,4
https://github.com/CyberSoc-Newcastle/flask-sql-injection-demo,0,1
https://github.com/CyberSoc-Newcastle/sql-injection-competition,0,1
https://github.com/D-R-A-C/Recommendation-app,0,11
https://github.com/DAWMFIEC/2018-1T,0,0
https://github.com/DSU-DefSec/web-deploy,0,0
https://github.com/DaanMoura/LearningFlask,0,0
https://github.com/DefCon-007/Trek-o-hunt,0,0
https://github.com/DewGew/DZGA-Flask,0,1
https://github.com/Diman0/Mailu_Fork,0,0
https://github.com/DinosAreCool99/COMP3613-A1,0,18
https://github.com/DorjiUgyen/student_management_system,0,0
https://github.com/Dudeverse/DynamicShop,0,0
https://github.com/ElMarcoRM/web-2,0,0
https://github.com/EmmanuelNgoran/Restaurant-project,0,0
https://github.com/EricPeter/flask-webscraping,0,0
https://github.com/EunbiYoon/postgreSQL2-dynamic-URI,0,0
https://github.com/ExoKomodo/ScholarsRoundTable,0,0
https://github.com/FBM-Software-Eng-11/FBM-Assignment-1,0,0
https://github.com/FIA-GSO/fi005-gruppe1-mitfahrer-db,0,0
https://github.com/FinnLidbetter/slobsterble,0,0
https://github.com/ForumOrganisation/forumorg-archived,0,0
https://github.com/France-ioi/quick-pi,0,1
https://github.com/Francine-Kaba/Push-Notifications,0,0
https://github.com/Francisg7/FSM,0,0
https://github.com/GRI-ESPCI/pc-est-magique,0,0
https://github.com/Gargamel19/Reversi-AI-Workbalancer,0,0
https://github.com/GewoonMaarten/Waterschade-project,0,0
https://github.com/GiovanniBellorio/Frequency-Detection-Wireless,0,0
https://github.com/GonzaloMurillo/RCA,0,0
https://github.com/GooDaKi/GooDaKi,0,1
https://github.com/GrantGMiller/blueprint_flask_login_dictabase,0,0
https://github.com/GuidoMatijas1/TakeIt,0,0
https://github.com/H4ck47h0n/core,0,3
https://github.com/HCDX/ActivityInfoReports,0,0
https://github.com/HarryYu1/MerryTutorData,0,1
https://github.com/HericAvila/Data-quality,0,0
https://github.com/Hongnhi02/DoAnNganh_VoThiHongNgan-2051050287_PhanThiHongNhi-2051050320,0,0
https://github.com/HycCodeQL/cicd-goat,0,0
https://github.com/IBM-EPBL/IBM-Project-10988-1659250343,0,0
https://github.com/IBM-EPBL/IBM-Project-137-1658213160,0,0
https://github.com/IBM-EPBL/IBM-Project-16637-1659619215,0,1
https://github.com/IBM-EPBL/IBM-Project-20174-1659714163,0,3
https://github.com/IBM-EPBL/IBM-Project-249-1658229329,0,0
https://github.com/IBM-EPBL/IBM-Project-26150-1660019403,0,4
https://github.com/IBM-EPBL/IBM-Project-35307-1660283304,0,1
https://github.com/IBM-EPBL/IBM-Project-45496-1660730474,0,1
https://github.com/IBM-EPBL/IBM-Project-4986-1658744690,0,1
https://github.com/IBM-EPBL/IBM-Project-50303-1660902778,0,0
https://github.com/IBM-EPBL/IBM-Project-50542-1660915303,0,1
https://github.com/IEPUG/FlaskBasics-2020-01,0,0
https://github.com/ISUWebPortal/491Project,0,7
https://github.com/IgnacioBinaghi/kopi-flask,0,0
https://github.com/Ilya-Fokin/PolyclinicPython,0,0
https://github.com/IzyI/flstart,0,0
https://github.com/J3T4R0/Pals,0,0
https://github.com/Jack9025/owasp-falihax,0,1
https://github.com/JackCotter/music,0,0
https://github.com/JacobRubin99/Pollarize,0,0
https://github.com/JagrajAulakh/COMP-4110-microblog,0,0
https://github.com/JamesTreloar/SoftwareCapstoneProject,0,2
https://github.com/Jamie-/sysmonitor,0,0
https://github.com/Jean-Lytehouse/Lytehouse-Autocam,0,0
https://github.com/JezSw/nfweb,0,0
https://github.com/John3019/Team6-411,0,0
https://github.com/KGP117/COMP3613_StudentConductTracker,0,0
https://github.com/KKolvin/CS411-Fall2022,0,1
https://github.com/KShiMin/Machine_Learning_Operations,0,1
https://github.com/KTSOEV/SC0RP,0,0
https://github.com/KairosAerospace/airflow,0,0
https://github.com/KarimChaouch/Web-App,0,0
https://github.com/KarthikKothareddy/AirFlow,0,0
https://github.com/Kendubu1/NLP-Flask-Website,0,0
https://github.com/KijitoraFinch/flask-bbs,0,0
https://github.com/KubiakJakub01/quizoinator,0,0
https://github.com/LeoXia360/howlongisdon,0,1
https://github.com/MRaffl98/univie-bike-insurance-company,0,0
https://github.com/Macktireh/Auth-system-with-jwt-using-flask,0,0
https://github.com/Madaonomore/Mymnist,0,0
https://github.com/Marek-Chalabis/Stock-buyer-microservices,0,1
https://github.com/MarekSuchanek/repocribro-badges,0,0
https://github.com/MichaelWalsh9/Photoshare,0,0
https://github.com/Milkshaikh4/job-bid-website,0,0
https://github.com/Modular-Life-Assistant-old/MoLA-web_auth-module,0,0
https://github.com/MoravianCollege/3DPrintMananagement,0,1
https://github.com/MrMaksimize/poseidon_open,0,1
https://github.com/MrsRayne/AudioGame,0,1
https://github.com/Muirrum/weekendinator,0,0
https://github.com/Muxi-Studio/ccnu-network-culture-festival,0,0
https://github.com/MyWallSt/ribbon,0,0
https://github.com/NJIT-WIS/jwt-web-security-part-1,0,1
https://github.com/NVSL/smithers,0,0
https://github.com/NetanelZeltserman/Wirecart-shopping-cart-Flask-Microservice,0,0
https://github.com/OSQUAREG/sciscut-url-shortener-flask-jinja,0,0
https://github.com/OctoPrint/OctoPrint-Legacy,0,5
https://github.com/Oktobrfest/doSomeReps,0,0
https://github.com/One-Linkage/LinkageDependencies,0,0
https://github.com/OrderEase/Server,0,0
https://github.com/P3df4r/TDB-Theobroma-Database,0,0
https://github.com/Panshir/test-billing-dashboard,0,0
https://github.com/PohSayKeong/Recab,0,1
https://github.com/PreethamMadupuri91/AirflowWorkflow,0,0
https://github.com/Qazzquimby/YetiSpy,0,0
https://github.com/RO-29/SocialHashtag,0,0
https://github.com/RedLorryYellowDesign/jordan-harris-nginx-wsgi-flask-app,0,0
https://github.com/Revanth15/CodeOverFlowStarterCode,0,3
https://github.com/Richard-Immergluck/blog-pennythoughts,0,0
https://github.com/Ritips/ThemeWeb,0,0
https://github.com/RobinStGeorges/tesseraktWebSite,0,0
https://github.com/RoboTums/OberlinStartUpWeek,0,1
https://github.com/RockFZ/CS460,0,1
https://github.com/RomanWest/AAT,0,0
https://github.com/Russ95/6893_big_data_proj,0,0
https://github.com/SEG-Group-3/CourseManagerWeb,0,0
https://github.com/SIPC115/shadowsocks-manage-system,0,2
https://github.com/SatishLawrenceMaharaj/flaskmvc-backend,0,0
https://github.com/SeabornGames/FlaskServer,0,0
https://github.com/ShiderS/properties,0,0
https://github.com/SixBlueBlack/FiitExpress,0,0
https://github.com/SoftwareEnginII2022/SoftwareEngIIProject,0,0
https://github.com/SpringUpenn/airflow,0,0
https://github.com/Steffo99/temple-of-styx,0,0
https://github.com/Sthakur27/mysecretsanta,0,0
https://github.com/Sthakur27/tourguides,0,0
https://github.com/SubhrajyotiSen/DBMS,0,0
https://github.com/SuchithSridhar/Suchicodes,0,0
https://github.com/THISmann/python-bootcamp-1,0,0
https://github.com/TM470-Kenny/TM470_Web_Application,0,1
https://github.com/Tayeeb27/Online_Shop,0,0
https://github.com/The-Cyber-One/Le-Fish,0,0
https://github.com/The-Grasshoppers/GrasshoppersA1,0,0
https://github.com/TheDoer/FlaskApp-Boilerplate,0,1
https://github.com/TheGreatDevourer/SACLockersPrototype,0,2
https://github.com/TheMotonaut/OnTrack-website,0,0
https://github.com/TheOceanCleanup/LabelAPI,0,0
https://github.com/Townsend0/Back-end,0,0
https://github.com/Tristan-Chow/airflow,0,0
https://github.com/Tsangares/stress_meter,0,0
https://github.com/VIRAK33/Visualization,0,0
https://github.com/VinoliaBattiri/IS601-006,0,0
https://github.com/Wang-Bioinformatics-Lab/Flask_Website_Basic_Template,0,0
https://github.com/Web-Programming-and-Technologies-1/Student-Conduct-Tracker,0,1
https://github.com/Yskinator/Stara_AgiDiary,0,0
https://github.com/Yufei-Gu-451/IXN-Team-9,0,0
https://github.com/ZaPF/ZaPF-Auth,0,8
https://github.com/Ziang-Lu/Flask-Blog,0,0
https://github.com/ZingLix/alala,0,0
https://github.com/ZixuanHuang1995/petpetdontcry,0,0
https://github.com/Zonmgin-Zhang/BookIt,0,0
https://github.com/a4m123/dimploma,0,0
https://github.com/abhayagiri/youtube-sync,0,0
https://github.com/acmumn/newsite,0,0
https://github.com/aditya0406/RoboDoc,0,0
https://github.com/adriengraux/pass-culture-api,0,0
https://github.com/airflow198612/airflow2,0,1
https://github.com/ajCastiglione/temp-scms,0,1
https://github.com/alejo-gonzalez-garcia/Zoo-Web-Page,0,0
https://github.com/alexUd01/eCity,0,0
https://github.com/alexa-doorman/link-account-app,0,0
https://github.com/alexey000035/tppo_project,0,1
https://github.com/alissontenorio/catalogodeservicos,0,0
https://github.com/aliyahjohn/COMP3613-Project,0,0
https://github.com/amulyagarimella/slab,0,0
https://github.com/anthoskountouris/Online_Bookstore,0,0
https://github.com/anthoskountouris/aviator_flight_center_manuals,0,0
https://github.com/anupamck/willow,0,0
https://github.com/arielireni/TAU-crowd-sourcing-workshop,0,2
https://github.com/arsalanam/tammy-hsc,0,0
https://github.com/aryan-mishra1404/AWS,0,0
https://github.com/aryan-mishra1404/TestAstro,0,1
https://github.com/aryan-mishra1404/TestAstro1,0,0
https://github.com/atramors/carrec,0,0
https://github.com/atuinframework/gae-atuin-cms,0,0
https://github.com/baileywickham/pandaCovers,0,0
https://github.com/bakedoatmeal/flask-grocery-store,0,0
https://github.com/baponkar/flask-login-logup-verify,0,0
https://github.com/bertrandboudaud/MethodsDatabase,0,0
https://github.com/bhajicomp/UWIREASEARCHAPP,0,0
https://github.com/bhaskart488/flaskshow,0,0
https://github.com/bigosoft/IMA,0,0
https://github.com/bkimmig/urban-disco,0,0
https://github.com/blackbbc/JE-Shrine-Server,0,1
https://github.com/blunagi/onlypolls,0,0
https://github.com/bon10/admonish-grumbler,0,0
https://github.com/bopopescu/181-352-dyudin-r,0,0
https://github.com/bopopescu/181-352-dyudin-r-2,0,0
https://github.com/boveus/HelloWorld,0,0
https://github.com/bramd/nvda-sentry,0,0
https://github.com/bransfieldjack/Stemformatics-Dataportal,0,0
https://github.com/brentoncollins/newcastlepad,0,0
https://github.com/brianna-huang/CS411-group7,0,0
https://github.com/bw4sz/CameraMeerkat,0,0
https://github.com/cedgark/Ecommerce-Dog-Website,0,0
https://github.com/celliott/good-luck-kitty,0,0
https://github.com/cesardddp/sgp,0,0
https://github.com/chandanws/mooc_book,0,0
https://github.com/chang/jrnl-server,0,0
https://github.com/chaudenschild/HanoverHelpers,0,0
https://github.com/chichengfengxue/flask-youguoqi,0,0
https://github.com/chinatsu/harddrop2,0,0
https://github.com/chorygruta/watskookin,0,0
https://github.com/christensonb/Seaborn,0,0
https://github.com/chyngyz475/core-Audit,0,0
https://github.com/codex-opendraft/opendraft-flask,0,0
https://github.com/coltonj14/IS601-project3,0,0
https://github.com/coltonj14/is601-project4,0,1
https://github.com/copperstick6/HackTX-SAFE,0,0
https://github.com/cosformula/light-blog,0,0
https://github.com/cots-conf/mngt,0,0
https://github.com/cpasternack/PyMailAdmin.Mailu,0,0
https://github.com/cross-species/E-Slides,0,0
https://github.com/crystal-linux/webforge,0,1
https://github.com/cs1501-tools-of-the-trade/social-platform-demo,0,0
https://github.com/daiyuzz/sources,0,0
https://github.com/danielnyvoll/INF226,0,0
https://github.com/darshkpatel/LargeScale-AadharMask,0,0
https://github.com/data-mechanics/course-2019-spr-proj,0,69
https://github.com/david-caro/wm-what,0,0
https://github.com/dchaplinsky/ninja-cats,0,0
https://github.com/dchilders21/stats,0,0
https://github.com/devpira/oChat,0,0
https://github.com/dfo-meds/data-manager,0,0
https://github.com/dhruvi1996/finalproject,0,0
https://github.com/dhruvi1996/flask_auth,0,0
https://github.com/dicaso/pycassos,0,0
https://github.com/dimamik/agh-learning-cards,0,0
https://github.com/dipeshsgdl/-DAT-250-assignments,0,0
https://github.com/dm0927/DMSD-Project,0,0
https://github.com/dmshch/web-app-srm-service,0,0
https://github.com/dn00/AmaBay,0,0
https://github.com/dongjae93/PhotoShare,0,0
https://github.com/dquarks/IS211_FinalProject,0,0
https://github.com/drylikov/Quart,0,0
https://github.com/e-i-o/eio-userdb,0,1
https://github.com/ecal-mid/tool-ecal-archiveur,0,1
https://github.com/edona-m/PhotoShare,0,0
https://github.com/edunuke/flask_boilerplate,0,0
https://github.com/egkopf/cimu,0,1
https://github.com/eliasankerhold/PICO_XLD_Server,0,0
https://github.com/emanueljg/auctionista,0,0
https://github.com/emfigo/kophinos,0,0
https://github.com/entropia/gpn17-badge-notification-server,0,1
https://github.com/enyquist/Real_Estate_Analysis,0,0
https://github.com/espoirMur/my-firstProject,0,0
https://github.com/feudal/my_blog2,0,0
https://github.com/fiddlerwoaroof/marrow,0,1
https://github.com/fluffy-cakes/spotifyPartify,0,0
https://github.com/formula1/flask-vue-example,0,1
https://github.com/francescastocco/DevOps-Course-Starter,0,0
https://github.com/frestr/chalktalk,0,0
https://github.com/funkelab/dacapo-dashboard,0,3
https://github.com/gaston-oviedo/supermarket_object_detection,0,0
https://github.com/gausszh/sae_site,0,0
https://github.com/gigglebits/Tabs,0,4
https://github.com/gmkanat/FileFlex,0,0
https://github.com/gofri/py-banis,0,0
https://github.com/gomyar/rooms,0,0
https://github.com/gpsevdiotis/CM1202-Flask-Webshop,0,0
https://github.com/grantatspothero/incubator-airflow,0,0
https://github.com/gridgentoo/Airflow,0,0
https://github.com/gugsrs/ws-flask,0,0
https://github.com/haicenhacks/qr-tracker,0,0
https://github.com/hamik112/herokutest2,0,0
https://github.com/hamzamugabo/SMPSC,0,0
https://github.com/harshad16/Blockchain-Job-Forum,0,0
https://github.com/harshjainsk/Login-Authentication-Using-Flask,0,0
https://github.com/hbk-ronak/DataLoggerApp,0,0
https://github.com/hemingus/INF226-CA2,0,0
https://github.com/herniadlf/gesina-core-api,0,1
https://github.com/hewenhao2008/pyplc_server,0,0
https://github.com/hlwrocer/Save-the-World-in-Six-hours,0,1
https://github.com/hmmonotone/changedetection,0,0
https://github.com/hmuus01/data-and-the-web,0,0
https://github.com/horsecz/FIT-IIS-TeamProject,0,0
https://github.com/hpodl/url-mapping-service,0,0
https://github.com/ianhzhang/learning,0,0
https://github.com/iiiusky/ApiDroid,0,1
https://github.com/ilina-m/Diary,0,0
https://github.com/illicitonion/edfringeplanner,0,0
https://github.com/imacat/flask-digestauth,0,0
https://github.com/imdanielsp/SRegister,0,0
https://github.com/infraredgirl/release-radar,0,0
https://github.com/itmo-wad/CommentCloud,0,1
https://github.com/j-chad/OpenLearn,0,0
https://github.com/jackvallerie/tnDues,0,0
https://github.com/janet/monkeybrains,0,1
https://github.com/jastr945/my_flask_boilerplate,0,1
https://github.com/jastr945/shopping_list_api,0,0
https://github.com/jastr945/xperiments,0,0
https://github.com/jbianchi81/gesina,0,0
https://github.com/jglass/flask-tutorial,0,0
https://github.com/jgresham/photo-gallery,0,0
https://github.com/jiamicu/weblocust-weblocust,0,0
https://github.com/jl6017/CU-database-project,0,0
https://github.com/jneug/tipps,0,0
https://github.com/jo219/myFriendHomework,0,0
https://github.com/joelbcastillo/nycrecords_flask,0,1
https://github.com/johncheng2011/kids2kidsApp,0,0
https://github.com/jphacks/C_2122,0,1
https://github.com/jrbrawner/Senior-Project,0,2
https://github.com/jubij07/socialpish,0,0
https://github.com/juli-vert/BasicFlask,0,0
https://github.com/jungfrau70/m-k8s-vanilla-setup,0,0
https://github.com/just-wkj/alfredSettings,0,0
https://github.com/jvalen01/SocialMediaApp,0,0
https://github.com/karlav24/My-Projects,0,0
https://github.com/kelmendes/GRE-Flask,0,0
https://github.com/kepper104/Yandex-Web-Project,0,0
https://github.com/keyouk/PubNub_Chat_Sample,0,0
https://github.com/khoi-nguyen/www-old,0,1
https://github.com/kirineko/online_test_be,0,0
https://github.com/komi24/CMArkea,0,0
https://github.com/kousu/ffl,0,0
https://github.com/kradt/class-kafc,0,0
https://github.com/kradt/found-offer,0,0
https://github.com/kubilaycitak/csv_from_mail,0,0
https://github.com/kubilaycitak/selenium_crowdtangle,0,0
https://github.com/kulikjak/skaut-jasan-server,0,0
https://github.com/kwngo/sizzle-api,0,0
https://github.com/lamscun/ApiDroid,0,1
https://github.com/lesykbiceps/final_proj_cinema,0,0
https://github.com/level12/keg-bouncer,0,0
https://github.com/level12/keg-login,0,0
https://github.com/lgov/airflow,0,0
https://github.com/libredesarrollo/curso-flask-basico,0,1
https://github.com/lifelonglearner127/tmtext,0,1
https://github.com/linnil1/rpi_door,0,0
https://github.com/lougoncharenko/ACS-3220-Docker-Compose-Only-pets,0,0
https://github.com/louking/rrwebapp,0,1
https://github.com/lrt512/eMoL_flask,0,0
https://github.com/lukkn/Photoshare,0,0
https://github.com/mabels/mailu-arm,0,1
https://github.com/makerbude/Octoprint,0,1
https://github.com/mallyvai/shakinghands,0,0
https://github.com/maniesh1/QuantifiedSelf_app,0,0
https://github.com/manumazu/biblioapp,0,0
https://github.com/marcelonp/snmp-port-manager,0,0
https://github.com/mariedestandau/poc-next-pro,0,0
https://github.com/markjmiller/startup-generator,0,0
https://github.com/mavella17/EcoPlanner,0,0
https://github.com/mdesilva/Airbnblite,0,0
https://github.com/memzer0x/CTF-Challenges,0,1
https://github.com/mgijax/pwts_prototype,0,0
https://github.com/michal-broda/plate-detection,0,0
https://github.com/michelblk/Kleiderkammer,0,0
https://github.com/michelllle-liu/pelican-legion,0,0
https://github.com/michiboo/IDM_PCM_Thesis,0,0
https://github.com/miguelrodriguez6/FlaskServer,0,0
https://github.com/mikaeldusenne/wikimesh,0,0
https://github.com/mitmedialab/FlaskBackbone-Skeleton,0,1
https://github.com/mjhxyz/wink-api-py,0,0
https://github.com/mokaddem/Phaser-RTS-Game,0,0
https://github.com/mozilla-releng/tooltool,0,15
https://github.com/mozilla-releng/treestatus,0,12
https://github.com/mremes/tsoha-rankkauslista,0,0
https://github.com/mrkimani-ndegwa/bc-8-ideabox,0,0
https://github.com/mroswell/InstantPotSchool,0,0
https://github.com/mwollenweber/flaskTemplate,0,0
https://github.com/mwollenweber/gAudit,0,0
https://github.com/mykakugaya/cs460-photoshare,0,1
https://github.com/nadzeyakuzmitch/bank-account-app,0,0
https://github.com/nbaryshev/market-place,0,0
https://github.com/nh124/2022,0,0
https://github.com/nh124/LinuxBackup,0,0
https://github.com/nicke72/wtforms_registration,0,0
https://github.com/niclabs/adkintunmobile-frontend,0,0
https://github.com/nishanthc/Car-Booking-Management,0,0
https://github.com/nixroxursox/cocktails,0,0
https://github.com/nixroxursox/flask_auth_app,0,0
https://github.com/njuxc/PYAM,0,0
https://github.com/notnamed/social-graph,0,0
https://github.com/nsidc/usaon-vta-survey,0,1
https://github.com/orangesobeautiful/StickerDiscordBot,0,0
https://github.com/outpark/webapp-one,0,0
https://github.com/owe005/INF226,0,0
https://github.com/owe005/Login-Server,0,0
https://github.com/oxabz/INF226-assignement2,0,0
https://github.com/paulgessinger/coalics,0,0
https://github.com/paxtonab/airflow,0,0
https://github.com/pdamoune/arenametrix,0,0
https://github.com/peteros086/thetrackerapp,0,0
https://github.com/petersn/tidbits,0,0
https://github.com/phrz/phwiki,0,0
https://github.com/pieman2201/wankel,0,0
https://github.com/pierce-heyerdahl/Find-My-Way,0,0
https://github.com/piotrkilczuk/automated-testing-flask-dummy,0,0
https://github.com/pkuphysu/bookB116-backend,0,0
https://github.com/playerEric1/MySQL,0,0
https://github.com/plivo/airflow,0,2
https://github.com/puzzle/keycloak-techlab-setup,0,3
https://github.com/pybuche/prescrisur,0,1
https://github.com/quanhlam/snoodle-github,0,0
https://github.com/ravivarma138/Try,0,0
https://github.com/ravivarma138/homework,0,0
https://github.com/ravivarma138/project,0,0
https://github.com/rcampbell-sec/squadventurers,0,0
https://github.com/rconrardy/quickstart,0,0
https://github.com/rcout328/Ai1,0,0
https://github.com/recursiveo/ev-blog,0,0
https://github.com/remmi11/archive-map,0,0
https://github.com/remmi11/flask-map,0,1
https://github.com/reyhanmaha/Web-Pirates-Conduct-Tracker-App,0,0
https://github.com/rgarcia-herrera/tianguis,0,0
https://github.com/rishabh2030/blogAPI,0,0
https://github.com/rjweiss/MediaCloud-Health-UI,0,0
https://github.com/rohankumardubey/flask-admin,0,0
https://github.com/rohitpoks/flask-authentication-methods,0,0
https://github.com/rorre/KMAT,0,0
https://github.com/roxgib/mb-tipping-comp,0,0
https://github.com/rsguardrails5/cicd-goat-2,0,0
https://github.com/rune-m/inf226-assignment2,0,0
https://github.com/rustybrooks/bikes,0,0
https://github.com/ryananeff/healthhackathon2018,0,0
https://github.com/saifulazad/Blog,0,0
https://github.com/saikiruthika/Weballocation,0,0
https://github.com/salimcodes/KACyB,0,0
https://github.com/salimmj/Flask_login,0,0
https://github.com/samfundev/hu-calendar-server,0,1
https://github.com/satrakidol/CheapFlights,0,0
https://github.com/sayoder/beautyshoppe-invoicer,0,1
https://github.com/sciapp/notebook_templates,0,0
https://github.com/scottlefoll/flask-stock-portfolio,0,0
https://github.com/scvjameslian/stratus-safecloud,0,0
https://github.com/sgnab/flask_Datascience_Webapp,0,0
https://github.com/shan3275/flask,0,0
https://github.com/shubam4995/chatbot,0,0
https://github.com/sidboyhacker/socialfish,0,0
https://github.com/sidharta/hansel-app,0,0
https://github.com/sillsdev/debian-sentry-python,0,0
https://github.com/simonsanvil/BurritoSurvey,0,0
https://github.com/sithu/cedar-admin,0,0
https://github.com/skazancev/qpanel,0,0
https://github.com/sluvie/rocket.framework,0,0
https://github.com/sluvie/rocket.saas,0,0
https://github.com/snakethebigboss/CSE-106-Webapp,0,0
https://github.com/software-students-fall2022/containerized-app-exercise-team2,0,1
https://github.com/software-students-fall2022/final-project-project5-team4,0,2
https://github.com/software-students-fall2022/final-project-team9final,0,1
https://github.com/software-students-fall2022/web-app-exercise-team-14-1,0,1
https://github.com/software-students-fall2022/web-app-exercise-team-15-1,0,0
https://github.com/software-students-fall2022/web-app-exercise-team-2-1,0,1
https://github.com/software-students-fall2022/web-app-exercise-team-7-1,0,2
https://github.com/solumath/IIS-Zvireci-utulek,0,0
https://github.com/sophia-fondell-simplisafe/Photoshare,0,0
https://github.com/space-codes/asar.web,0,0
https://github.com/sprcoder/flask_web_app_f1_stats,0,0
https://github.com/ssabit/Coursera,0,0
https://github.com/ssakone/Flaty,0,0
https://github.com/staicuclaudiu39/quattro-formaggio,0,0
https://github.com/studynotesapp/Server,0,0
https://github.com/suryaavala/Stellartube,0,0
https://github.com/svinther/trabase,0,0
https://github.com/sys-ris3/PLCHoney,0,0
https://github.com/szabgab/flask-login-demo-app,0,0
https://github.com/tbj128/gene-expression-analyzer,0,0
https://github.com/tcmRyan/matcher-admin,0,0
https://github.com/tde-nico/faust_ctf_2023,0,0
https://github.com/techbot123/EMP,0,0
https://github.com/techbot123/dating,0,0
https://github.com/technicsntricks/airflow-sso,0,1
https://github.com/teknologkoren/teknologkoren.se-v2,0,0
https://github.com/temporaryorgname/tracker-backend,0,0
https://github.com/tomaszsiudakrep/FridgeWebApp_FLASK,0,0
https://github.com/tonydao2/PhotoShare,0,0
https://github.com/topless/twitter-api,0,0
https://github.com/trivedigaurav/pharma-c,0,0
https://github.com/trungbmt/hexam-backend,0,0
https://github.com/tsheringtobgay017/Student_management_system-UA-,0,0
https://github.com/unknowncz/Maturita-Projekt,0,0
https://github.com/usc-isi-i2/cluster-annotator-web,0,0
https://github.com/uwidcit/Lockers-App,0,1
https://github.com/uwidcit/nature-seekers-backend,0,2
https://github.com/uwidcit/recsys,0,0
https://github.com/valhuber/MultiDB,0,0
https://github.com/vanditpopat/IS601-004,0,0
https://github.com/vcaen/the_christmas_network,0,0
https://github.com/vichopoch/dify,0,0
https://github.com/vishnusaibhosekar/IS601-005,0,0
https://github.com/vpunch/pytho,0,0
https://github.com/vsamaru/startup-generator,0,0
https://github.com/vwt-digital-solutions/fttx-dashboard,0,0
https://github.com/vwt-digital-solutions/it-glas-dashboard,0,0
https://github.com/vwt-digital-solutions/ith-dashboard,0,0
https://github.com/wahello/event-management,0,0
https://github.com/wasnot/flask-weather,0,0
https://github.com/wbrickner/OctoPrint-ControlCenter,0,0
https://github.com/weiwen9/Hackathon,0,0
https://github.com/welsonla/booklist,0,0
https://github.com/whywrd/clickonly,0,0
https://github.com/winterSteve25/Liveline,0,0
https://github.com/wolever/python-logging-tools,0,0
https://github.com/wprzyb/sso,0,2
https://github.com/wthdevelopers/automation_website,0,0
https://github.com/xSebasDC/Unibot,0,0
https://github.com/xiaoqi-huang/Supernature,0,3
https://github.com/xwydq/airflow-k8s,0,0
https://github.com/yeyuchen198/flask-app,0,0
https://github.com/yjshin229/CS460PA1,0,0
https://github.com/yorksdale/digital-marketplace,0,0
https://github.com/yzw19990124/InstagramSimulation,0,0
https://github.com/zaoad/CS-classroom,0,0
https://github.com/zeroXbrock/YelpCSV,0,0
https://github.com/zgzgorg/iam-backend,0,2
https://github.com/zibayes/Play-n-study-backend,0,0
https://github.com/zmailloux/python-app-1,0,0
https://github.com/zmailloux/python-app-2,0,0
https://github.com/zmailloux/python-app-3,0,0
https://github.com/zpy807/pyspider,0,0