repo_name,repo_url,stars,contributors,commits,update_date,forks,jsonb_agg
pyspider,https://github.com/binux/pyspider,16138,51,1181,2023-12-23 10:10:42,3733,"[{""CSS"": 11931, ""Lua"": 6394, ""HTML"": 25020, ""Python"": 594223, ""Dockerfile"": 1398, ""JavaScript"": 56310}]"
changedetection.io,https://github.com/dgtlmoon/changedetection.io,13572,63,1367,2023-12-23 17:35:58,755,"[{""CSS"": 43536, ""HTML"": 109557, ""SCSS"": 35517, ""Jinja"": 11932, ""Shell"": 7913, ""Python"": 674812, ""Dockerfile"": 2256, ""JavaScript"": 78512}]"
dify,https://github.com/langgenius/dify,12613,74,1173,2023-12-23 18:22:11,1676,"[{""CSS"": 90089, ""MDX"": 202065, ""PHP"": 4443, ""HTML"": 4543, ""Mako"": 494, ""SCSS"": 22952, ""Shell"": 2207, ""Python"": 3291137, ""Dockerfile"": 2499, ""JavaScript"": 33215, ""TypeScript"": 2878293}]"
calibre-web,https://github.com/janeczku/calibre-web,10679,205,3982,2023-12-23 16:46:43,1185,"[{""CSS"": 32426, ""HTML"": 525845, ""Python"": 1241584, ""JavaScript"": 1211330}]"
OctoPrint,https://github.com/OctoPrint/OctoPrint,7787,237,8837,2023-12-23 17:59:46,1686,"[{""CSS"": 7021, ""HTML"": 51198, ""Less"": 46981, ""Jinja"": 460603, ""Shell"": 3726, ""G-code"": 1651044, ""Python"": 2939180, ""JavaScript"": 1662155}]"
flask-admin,https://github.com/flask-admin/flask-admin,5537,296,3087,2023-12-22 09:17:44,1568,"[{""CSS"": 11298, ""HTML"": 162483, ""Shell"": 1437, ""Python"": 779727, ""Makefile"": 5587, ""Batchfile"": 120, ""JavaScript"": 44687}]"
Mailu,https://github.com/Mailu/Mailu,5089,185,4650,2023-12-23 02:07:24,769,"[{""C++"": 385, ""CSS"": 2121, ""HCL"": 12601, ""Lua"": 1347, ""PHP"": 5926, ""HTML"": 72898, ""Mako"": 412, ""Pawn"": 121, ""Shell"": 13305, ""Sieve"": 1267, ""Python"": 398433, ""Gherkin"": 579, ""Dockerfile"": 14592, ""JavaScript"": 9338}]"
faraday,https://github.com/infobyte/faraday,4331,40,12152,2023-12-23 00:53:51,863,"[{""Nix"": 21610, ""HTML"": 8043, ""Mako"": 494, ""Jinja"": 1392, ""Shell"": 4746, ""Python"": 1605016, ""Dockerfile"": 779, ""JavaScript"": 16800}]"
ckan,https://github.com/ckan/ckan,4122,282,25535,2023-12-23 17:12:03,1962,"[{""CSS"": 541593, ""HTML"": 417475, ""Mako"": 3646, ""SCSS"": 143152, ""Shell"": 7815, ""Python"": 4024778, ""Smarty"": 516, ""Gherkin"": 12414, ""PLpgSQL"": 4227, ""Dockerfile"": 1045, ""JavaScript"": 392595}]"
SocialFish,https://github.com/UndeadSec/SocialFish,3714,15,248,2023-12-22 07:35:30,1254,"[{""CSS"": 249409, ""HTML"": 49504, ""Python"": 32975, ""Dockerfile"": 847}]"
flask-login,https://github.com/maxcountryman/flask-login,3442,102,530,2023-12-23 08:54:00,800,"[{""Python"": 102223}]"
open-event-server,https://github.com/fossasia/open-event-server,2929,218,8652,2023-12-23 16:42:38,1899,"[{""HTML"": 80425, ""Mako"": 437, ""Shell"": 20003, ""Python"": 2458465, ""Mustache"": 921, ""Procfile"": 96, ""Dockerfile"": 4228}]"
Mycodo,https://github.com/kizniche/Mycodo,2737,49,6720,2023-12-23 13:33:39,459,"[{""C"": 9292, ""CSS"": 23525, ""HTML"": 2302612, ""Mako"": 705, ""Shell"": 90766, ""Python"": 4349771, ""Dockerfile"": 1552, ""JavaScript"": 78624}]"
cicd-goat,https://github.com/cider-security-research/cicd-goat,1709,11,65,2023-12-22 20:30:28,236,"[{""Go"": 482, ""CSS"": 7658, ""HCL"": 13003, ""TeX"": 1517, ""Vue"": 130548, ""HTML"": 542426, ""Mako"": 494, ""Perl"": 69896, ""SCSS"": 49906, ""Shell"": 293098, ""Groovy"": 16576, ""Python"": 5793959, ""Makefile"": 24858, ""Nunjucks"": 1418, ""Batchfile"": 15049, ""Dockerfile"": 10650, ""JavaScript"": 1028291, ""TypeScript"": 9295}]"
sentry-python,https://github.com/getsentry/sentry-python,1670,193,2065,2023-12-20 03:32:43,468,"[{""HTML"": 158, ""Jinja"": 7755, ""Shell"": 5062, ""Python"": 1935627, ""Makefile"": 1731}]"
querybook,https://github.com/pinterest/querybook,1595,47,943,2023-12-23 10:14:22,205,"[{""CSS"": 482, ""MDX"": 158952, ""HTML"": 1532, ""Mako"": 494, ""SCSS"": 178701, ""Shell"": 5592, ""Python"": 1289954, ""Makefile"": 1974, ""Mustache"": 1283, ""Dockerfile"": 2516, ""JavaScript"": 107170, ""TypeScript"": 2454707}]"
diyHue,https://github.com/diyhue/diyHue,1464,99,1757,2023-12-23 04:54:28,270,"[{""CSS"": 138010, ""HTML"": 13568, ""Less"": 208949, ""SCSS"": 229923, ""Shell"": 22069, ""Python"": 476070, ""Dockerfile"": 2835, ""JavaScript"": 120863}]"
ctf-challenges,https://github.com/ctf-wiki/ctf-challenges,1356,17,147,2023-12-22 23:51:21,434,"[{""C"": 43764, ""C++"": 24622, ""CSS"": 60010, ""HTML"": 2187211, ""Java"": 12230, ""Sage"": 36133, ""TSQL"": 570, ""Shell"": 4420, ""Smali"": 20698, ""Python"": 770879, ""Smarty"": 4685, ""Makefile"": 997, ""Solidity"": 429237, ""Batchfile"": 55, ""Dockerfile"": 1626, ""JavaScript"": 1612321, ""Jupyter Notebook"": 72}]"
house,https://github.com/nccgroup/house,1275,6,70,2023-12-19 08:28:26,213,"[{""CSS"": 6115, ""HTML"": 42809, ""Python"": 69023, ""JavaScript"": 89628}]"
web_develop,https://github.com/dongweiming/web_develop,1203,8,67,2023-11-30 13:30:44,537,"[{""C"": 57378, ""CSS"": 1238, ""VCL"": 8890, ""HTML"": 15735, ""Mako"": 14, ""SCSS"": 450, ""Jinja"": 17659, ""Shell"": 51, ""Cython"": 2024, ""Python"": 243347, ""Smarty"": 86, ""Thrift"": 1403, ""SaltStack"": 1455, ""Dockerfile"": 1451, ""JavaScript"": 14802, ""Jupyter Notebook"": 60046}]"
OpenPLC_v3,https://github.com/thiagoralves/OpenPLC_v3,870,20,294,2023-12-22 18:21:08,379,"[{""C"": 612806, ""C#"": 304571, ""M4"": 17677, ""C++"": 10045287, ""CSS"": 12533, ""TeX"": 1961, ""HTML"": 17624, ""Java"": 325170, ""LLVM"": 82771, ""Perl"": 36460, ""XSLT"": 76405, ""Yacc"": 375960, ""CMake"": 13328, ""Scala"": 174704, ""Shell"": 457003, ""Python"": 275325, ""Makefile"": 48565, ""Batchfile"": 1381, ""Smalltalk"": 287, ""Dockerfile"": 979, ""JavaScript"": 418863}]"
specter-desktop,https://github.com/cryptoadvance/specter-desktop,763,96,1976,2023-12-23 14:57:09,240,"[{""CSS"": 73677, ""Nix"": 549, ""HTML"": 283706, ""Jinja"": 632500, ""Shell"": 59757, ""Python"": 1813795, ""Batchfile"": 2120, ""Dockerfile"": 16821, ""JavaScript"": 1121090}]"
docassemble,https://github.com/jhpyle/docassemble,699,30,4104,2023-12-23 06:43:53,242,"[{""C++"": 156, ""CSS"": 90091, ""TeX"": 15582, ""HTML"": 182522, ""Mako"": 1042, ""Shell"": 156382, ""Python"": 4632473, ""Gherkin"": 541846, ""Dockerfile"": 7705, ""Emacs Lisp"": 3393, ""JavaScript"": 1879265, ""Rich Text Format"": 120028}]"
feedi,https://github.com/facundoolano/feedi,622,3,408,2023-12-23 17:37:10,15,"[{""CSS"": 7825, ""HTML"": 53194, ""Mako"": 635, ""Shell"": 3161, ""Python"": 170298, ""Makefile"": 3427, ""Dockerfile"": 195, ""JavaScript"": 1164}]"
lookyloo,https://github.com/Lookyloo/lookyloo,607,13,2062,2023-12-20 03:24:56,74,"[{""CSS"": 5918, ""HTML"": 146736, ""Shell"": 145, ""Python"": 432759, ""Dockerfile"": 945, ""JavaScript"": 40034}]"
Dryvo,https://github.com/AdamGold/Dryvo,597,0,431,2023-12-20 03:59:31,128,"[{""CSS"": 345, ""HTML"": 7443, ""Mako"": 494, ""Python"": 265067}]"
flask-security,https://github.com/Flask-Middleware/flask-security,572,145,1354,2023-12-20 03:14:36,143,"[{""HTML"": 44640, ""Python"": 1037649, ""JavaScript"": 10675}]"
gae-init,https://github.com/gae-init/gae-init,536,21,3045,2023-12-20 03:06:14,131,"[{""HTML"": 65690, ""Less"": 5182, ""Shell"": 1192, ""Python"": 108183, ""JavaScript"": 20197}]"
dd-trace-py,https://github.com/DataDog/dd-trace-py,456,227,6463,2023-12-22 02:32:18,426,"[{""C"": 101064, ""C++"": 920924, ""HTML"": 3130, ""CMake"": 86795, ""Jinja"": 9, ""Shell"": 49387, ""Cython"": 125481, ""Python"": 7855303, ""Smarty"": 644, ""Dockerfile"": 7736, ""JavaScript"": 488}]"
hackergame2021-writeups,https://github.com/USTC-Hackergame/hackergame2021-writeups,447,56,165,2023-12-16 14:06:40,79,"[{""C"": 1897565, ""C++"": 16292, ""CSS"": 5436, ""PHP"": 6520, ""Dart"": 15629, ""GLSL"": 35486, ""HTML"": 59609, ""Java"": 31312, ""Roff"": 8945, ""Yacc"": 8516, ""Logos"": 1825, ""QMake"": 621, ""Shell"": 28380, ""Python"": 214732, ""Haskell"": 39420, ""Verilog"": 150221, ""Assembly"": 60294, ""Makefile"": 8290, ""Solidity"": 1264, ""Dockerfile"": 1851, ""JavaScript"": 3935320, ""TypeScript"": 27135, ""Mathematica"": 9142, ""Jupyter Notebook"": 388157}]"
gt4sd-core,https://github.com/GT4SD/gt4sd-core,283,16,283,2023-12-20 04:09:51,60,"[{""Python"": 1735210, ""Dockerfile"": 626, ""Jupyter Notebook"": 5411576}]"
flamenco,https://github.com/armadillica/flamenco,257,17,1971,2023-11-21 12:06:57,53,"[{""Pug"": 56762, ""Sass"": 22853, ""Shell"": 768, ""Python"": 585843, ""JavaScript"": 52741}]"
paperboy,https://github.com/timkpaine/paperboy,245,3,343,2023-12-20 03:35:20,26,"[{""CSS"": 20322, ""HTML"": 5894, ""Shell"": 576, ""Python"": 257137, ""Smarty"": 5154, ""JavaScript"": 650, ""TypeScript"": 81212}]"
pandora,https://github.com/pandora-analysis/pandora,224,13,814,2023-12-22 18:48:52,34,"[{""CSS"": 3016, ""HTML"": 76983, ""Shell"": 72, ""Python"": 321513, ""Dockerfile"": 1308, ""JavaScript"": 26221}]"
anitya,https://github.com/fedora-infra/anitya,222,73,2535,2023-12-09 12:32:46,93,"[{""CSS"": 3865, ""HTML"": 90191, ""Mako"": 413, ""Shell"": 1086, ""Python"": 1133442, ""Makefile"": 1430}]"
aioflask,https://github.com/miguelgrinberg/aioflask,201,0,45,2023-12-08 14:56:37,16,"[{""HTML"": 25, ""Python"": 45302}]"
VWsFriend,https://github.com/tillsteinbach/VWsFriend,189,4,1296,2023-12-19 04:11:43,16,"[{""CSS"": 1449, ""HTML"": 98811, ""Mako"": 494, ""Python"": 390158, ""Makefile"": 513, ""Dockerfile"": 3598}]"
RansomLook,https://github.com/RansomLook/RansomLook,178,4,418,2023-12-19 15:02:37,34,"[{""CSS"": 28666, ""HTML"": 53098, ""Python"": 278363, ""Dockerfile"": 860, ""JavaScript"": 792}]"
qpanel,https://github.com/roramirez/qpanel,167,12,746,2023-11-28 10:37:19,106,"[{""CSS"": 507772, ""HTML"": 147486, ""SCSS"": 427910, ""Shell"": 888, ""Python"": 83132, ""Dockerfile"": 1483, ""JavaScript"": 42965}]"
Kinopoisk.bundle,https://github.com/amirotin/Kinopoisk.bundle,160,9,146,2023-12-16 14:41:54,41,"[{""Python"": 2422549}]"
SimplePyScripts,https://github.com/gil9red/SimplePyScripts,142,7,7545,2023-12-06 06:16:15,35,"[{""C++"": 151, ""CSS"": 1132581, ""QML"": 921, ""HTML"": 2438921, ""Roff"": 43139, ""Python"": 4962751, ""kvlang"": 1437, ""Batchfile"": 2589, ""JavaScript"": 1681714, ""PowerShell"": 71, ""Jupyter Notebook"": 31113, ""Rich Text Format"": 109052}]"
detecting-scientific-claim,https://github.com/titipata/detecting-scientific-claim,140,3,114,2023-12-20 03:32:28,19,"[{""CSS"": 16441, ""HTML"": 18560, ""Shell"": 243, ""Python"": 113790}]"
coldsweat,https://github.com/passiomatic/coldsweat,132,4,436,2023-12-19 15:25:41,20,"[{""HTML"": 32400, ""SCSS"": 134671, ""Python"": 103144, ""Makefile"": 1444, ""JavaScript"": 11192}]"
ApiLogicServer,https://github.com/valhuber/ApiLogicServer,125,3,2548,2023-10-05 04:58:36,22,"[{""HTML"": 9766, ""Mako"": 494, ""TSQL"": 1379537, ""Shell"": 33290, ""Python"": 1013620, ""Gherkin"": 3161, ""Dockerfile"": 29838, ""JavaScript"": 17727, ""PowerShell"": 4772}]"
poopak,https://github.com/teal33t/poopak,124,2,105,2023-12-16 12:04:27,30,"[{""CSS"": 2480, ""HTML"": 36333, ""Python"": 52944, ""Dockerfile"": 247, ""JavaScript"": 13653}]"
OctoBot-Tentacles,https://github.com/Drakkar-Software/OctoBot-Tentacles,114,10,2055,2023-12-03 00:44:55,68,"[{""CSS"": 13152, ""HTML"": 334270, ""Cython"": 8174, ""Python"": 2371857, ""JavaScript"": 270364}]"
lnetd,https://github.com/cpmarvin/lnetd,114,0,146,2023-12-19 08:35:22,12,"[{""CSS"": 528588, ""HTML"": 209272, ""Mako"": 494, ""SCSS"": 69005, ""Shell"": 162, ""Python"": 495990, ""JavaScript"": 128775}]"
omf,https://github.com/dpinney/omf,111,43,7839,2023-12-13 15:56:58,62,"[{""CSS"": 80647, ""HTML"": 1392543, ""Shell"": 1133, ""MATLAB"": 2235, ""Python"": 1616668, ""Dockerfile"": 1099, ""JavaScript"": 1467539}]"
osm-wikidata,https://github.com/EdwardBetts/osm-wikidata,100,8,2355,2023-12-07 14:49:45,20,"[{""CSS"": 4566, ""HTML"": 117298, ""Python"": 673557, ""JavaScript"": 25315}]"
python,https://github.com/on-nix/python,100,7,2472,2023-12-15 02:51:33,46,"[{""Nix"": 49174, ""Shell"": 6668, ""Python"": 27351}]"
Crack-O-Matic,https://github.com/AdrianVollmer/Crack-O-Matic,99,0,59,2023-12-16 02:00:43,3,"[{""CSS"": 3550, ""HTML"": 16513, ""Jinja"": 3058, ""Python"": 141559, ""JavaScript"": 3789}]"
blenderkit,https://github.com/BlenderKit/blenderkit,97,17,1155,2023-12-19 18:25:56,16,"[{""Python"": 1503642}]"
conbench,https://github.com/conbench/conbench,95,19,902,2023-12-20 04:00:34,20,"[{""CSS"": 9060, ""HTML"": 123615, ""Mako"": 494, ""Jinja"": 225, ""Shell"": 21561, ""Python"": 1382159, ""Jsonnet"": 11819, ""Makefile"": 16607, ""Dockerfile"": 4809}]"
ThreatKB,https://github.com/InQuest/ThreatKB,90,14,1228,2023-12-13 06:14:41,18,"[{""CSS"": 13018, ""HTML"": 238126, ""Mako"": 494, ""Shell"": 6060, ""Python"": 503688, ""Batchfile"": 530, ""Dockerfile"": 1309, ""JavaScript"": 734935}]"
AlarmPI,https://github.com/bkbilly/AlarmPI,87,2,231,2023-12-14 19:30:56,12,"[{""C"": 13644, ""CSS"": 12880, ""HTML"": 19612, ""Shell"": 5902, ""Python"": 75157, ""Makefile"": 212, ""Dockerfile"": 387, ""JavaScript"": 15556}]"
Hands-On-Graph-Analytics-with-Neo4j,https://github.com/PacktPublishing/Hands-On-Graph-Analytics-with-Neo4j,77,5,53,2023-12-07 17:22:31,44,"[{""CSS"": 63, ""HTML"": 8715, ""Shell"": 642, ""Python"": 18490, ""JavaScript"": 12605, ""Jupyter Notebook"": 962100}]"
web-tools,https://github.com/mediacloud/web-tools,64,12,6806,2023-12-14 15:43:33,31,"[{""HTML"": 1358, ""SCSS"": 92013, ""Shell"": 287, ""Python"": 523424, ""Makefile"": 454, ""Procfile"": 50, ""JavaScript"": 39314623}]"
walnuts,https://github.com/sunhetao/walnuts,59,0,32,2023-08-24 03:07:08,19,"[{""HTML"": 7887, ""Python"": 53064}]"
morsechat,https://github.com/robalb/morsechat,57,3,588,2023-11-12 21:58:16,5,"[{""CSS"": 22567, ""PHP"": 45511, ""HTML"": 1498, ""Hack"": 4896, ""Shell"": 5271, ""Python"": 42008, ""Dockerfile"": 149, ""JavaScript"": 144957, ""TypeScript"": 2401}]"
Baobab,https://github.com/deep-learning-indaba/Baobab,52,42,4038,2023-12-20 03:37:38,34,"[{""CSS"": 47757, ""HTML"": 5671, ""Mako"": 412, ""Shell"": 1096, ""Python"": 2047797, ""PLpgSQL"": 159, ""Dockerfile"": 806, ""JavaScript"": 724035}]"
little_brother,https://github.com/marcus67/little_brother,51,4,473,2023-12-22 15:00:43,8,"[{""CSS"": 8864, ""HTML"": 85546, ""Mako"": 494, ""Shell"": 24502, ""Python"": 803601, ""Dockerfile"": 9497, ""JavaScript"": 3886}]"
malgazer,https://github.com/keithjjones/malgazer,51,0,924,2023-09-28 10:39:17,17,"[{""CSS"": 264, ""HTML"": 13408, ""Shell"": 988, ""Python"": 209428}]"
anki-hyper-tts,https://github.com/Language-Tools/anki-hyper-tts,50,0,1222,2023-12-19 10:56:35,7,"[{""HTML"": 175, ""Shell"": 2562, ""Python"": 2163758, ""Dockerfile"": 1947}]"
LazyBlacksmith,https://github.com/Kyria/LazyBlacksmith,49,6,596,2023-11-23 01:35:42,27,"[{""HTML"": 219613, ""Mako"": 557, ""SCSS"": 226990, ""Shell"": 1707, ""Python"": 192854, ""Dockerfile"": 2005, ""JavaScript"": 402713}]"
danforth-east,https://github.com/adam-p/danforth-east,49,0,90,2023-11-29 23:53:25,14,"[{""CSS"": 2472, ""HTML"": 667, ""Jinja"": 64425, ""Python"": 105832, ""JavaScript"": 32568}]"
Programming-CookBook,https://github.com/Koubae/Programming-CookBook,42,2,449,2023-12-06 18:27:25,18,"[{""C"": 193480, ""Go"": 21973, ""C++"": 17751, ""CSS"": 89390, ""EJS"": 262, ""PHP"": 47271, ""Vue"": 5486, ""HTML"": 242214, ""Hack"": 1990, ""Java"": 150055, ""Mako"": 1482, ""XSLT"": 6583, ""Shell"": 54656, ""Python"": 1193360, ""kvlang"": 725, ""PLpgSQL"": 13529, ""Batchfile"": 6828, ""Dockerfile"": 192, ""JavaScript"": 285223, ""TypeScript"": 814}]"
labonneboite,https://github.com/StartupsPoleEmploi/labonneboite,42,18,2539,2023-04-28 17:18:33,15,"[{""CSS"": 74682, ""HTML"": 196307, ""Mako"": 510, ""Shell"": 1372, ""Python"": 964997, ""Makefile"": 586, ""Dockerfile"": 1343, ""JavaScript"": 38755}]"
OpenPLC61850,https://github.com/smartgridadsc/OpenPLC61850,38,2,45,2023-12-22 18:21:16,14,"[{""C"": 3961304, ""C#"": 781754, ""M4"": 17677, ""C++"": 11073105, ""CSS"": 62915, ""Lua"": 2376, ""TeX"": 1961, ""HTML"": 699268, ""Java"": 549498, ""LLVM"": 82771, ""Perl"": 36460, ""Ruby"": 468, ""SWIG"": 1470, ""XSLT"": 76405, ""Yacc"": 375960, ""CMake"": 55014, ""Scala"": 174704, ""Shell"": 398320, ""Python"": 267193, ""Makefile"": 62238, ""Batchfile"": 1381, ""Smalltalk"": 270, ""Dockerfile"": 119, ""JavaScript"": 418863, ""PowerShell"": 4458}]"
izone,https://github.com/ZHAISHENKING/izone,37,2,80,2023-05-05 14:10:58,27,"[{""CSS"": 1030, ""HTML"": 22009, ""Python"": 43509}]"
PyTorrent,https://github.com/fla-sil/PyTorrent,34,4,63,2023-11-22 08:56:52,21,[{}]
vulyk,https://github.com/mrgambal/vulyk,34,5,370,2023-10-05 17:25:50,6,"[{""CSS"": 8485, ""HTML"": 14644, ""Python"": 379493, ""Makefile"": 1491, ""Procfile"": 260, ""JavaScript"": 4062}]"
pillar,https://github.com/armadillica/pillar,31,6,2406,2023-07-30 12:22:33,4,"[{""CSS"": 262332, ""HTML"": 149592, ""Shell"": 853, ""Python"": 1241318, ""JavaScript"": 235275}]"
gitlab-analytics,https://github.com/NDHWAlliance/gitlab-analytics,28,3,87,2023-12-05 14:53:18,4,"[{""CSS"": 865, ""HTML"": 17036, ""Python"": 74550, ""Makefile"": 901, ""Dockerfile"": 643}]"
ADRFinder,https://github.com/ChuckMac/ADRFinder,27,2,57,2023-11-15 00:10:56,13,"[{""CSS"": 12491, ""HTML"": 23802, ""SCSS"": 11773, ""Jinja"": 6852, ""Shell"": 660, ""Python"": 125574, ""Procfile"": 55, ""Dockerfile"": 1980, ""JavaScript"": 1604}]"
gae-init-babel,https://github.com/gae-init/gae-init-babel,26,19,2754,2022-11-21 03:20:32,9,"[{""HTML"": 68017, ""Less"": 5745, ""Shell"": 1192, ""Python"": 117145, ""JavaScript"": 18741}]"
kdm-manager,https://github.com/toconnell/kdm-manager,26,3,787,2023-10-23 15:25:43,11,"[{""CSS"": 229801, ""HTML"": 651233, ""Shell"": 1395, ""Python"": 126190, ""JavaScript"": 185130}]"
machine-reading-comprehension,https://github.com/burglarhobbit/machine-reading-comprehension,25,0,43,2022-11-16 16:32:41,11,"[{""CSS"": 4541, ""HTML"": 104605, ""Shell"": 77748, ""Python"": 4765772, ""Makefile"": 5587, ""Batchfile"": 120, ""JavaScript"": 28615}]"
paccmann_datasets,https://github.com/PaccMann/paccmann_datasets,24,8,250,2023-10-27 09:50:10,6,"[{""Python"": 540655}]"
weko,https://github.com/RCOSDP/weko,24,49,13777,2023-10-04 02:57:30,47,"[{""CSS"": 1781234, ""PHP"": 17978, ""HTML"": 1179788, ""Less"": 428, ""Mako"": 693, ""SCSS"": 13752, ""XSLT"": 30901, ""Jinja"": 1938, ""Shell"": 2403199, ""Python"": 22129067, ""Smarty"": 14730, ""PLpgSQL"": 234727, ""Makefile"": 335137, ""Batchfile"": 315011, ""Dockerfile"": 14319, ""JavaScript"": 5975411}]"
pass-culture-api,https://github.com/pass-culture/pass-culture-api,23,63,8866,2023-11-22 13:11:57,7,"[{""HTML"": 44510, ""Mako"": 400, ""Shell"": 4355, ""Python"": 5049168, ""PLpgSQL"": 109653, ""Dockerfile"": 1134}]"
togger,https://github.com/Virusmater/togger,23,2,82,2023-06-29 19:26:50,4,"[{""CSS"": 2101, ""HTML"": 36993, ""Mako"": 494, ""Python"": 61043, ""Dockerfile"": 119, ""JavaScript"": 11363}]"
python-vue-spa-boilerplate,https://github.com/andrebaldo/python-vue-spa-boilerplate,22,3,17,2023-08-23 12:09:08,19,"[{""Vue"": 11161, ""HTML"": 772, ""Shell"": 64, ""Python"": 16862, ""JavaScript"": 10062}]"
tcf,https://github.com/intel/tcf,22,14,3196,2023-10-30 06:57:09,30,"[{""CSS"": 39167, ""HTML"": 47375, ""Shell"": 68737, ""Python"": 4283394, ""Makefile"": 7788, ""Dockerfile"": 3429, ""JavaScript"": 28265}]"
ckan-service-provider,https://github.com/ckan/ckan-service-provider,21,21,291,2023-05-29 02:12:55,22,"[{""Python"": 97096}]"
sampledb,https://github.com/sciapp/sampledb,21,9,2966,2023-10-31 16:33:48,9,"[{""CSS"": 37822, ""HTML"": 1173795, ""Jinja"": 2699, ""Shell"": 141, ""Python"": 4828826, ""Dockerfile"": 2347, ""JavaScript"": 836611}]"
mxcubeweb,https://github.com/mxcube/mxcubeweb,20,23,4901,2023-12-06 14:29:24,35,"[{""CSS"": 39206, ""HTML"": 4672, ""Less"": 4492, ""Shell"": 5936, ""Python"": 414058, ""Dockerfile"": 1830, ""JavaScript"": 844082}]"
pyrrha,https://github.com/hipster-philology/pyrrha,20,13,399,2023-10-02 15:49:07,17,"[{""CSS"": 6874, ""HTML"": 167343, ""Shell"": 572, ""Python"": 501571, ""JavaScript"": 180471}]"
evesrp,https://github.com/paxswill/evesrp,19,5,1384,2023-05-14 12:48:07,13,"[{""HTML"": 58248, ""Less"": 799, ""Mako"": 412, ""Python"": 843736, ""Makefile"": 11752, ""Handlebars"": 10641, ""JavaScript"": 532, ""CoffeeScript"": 76643}]"
MOFSimplify,https://github.com/hjkgrp/MOFSimplify,18,3,400,2023-11-26 22:29:49,5,"[{""C"": 68686, ""R"": 3569, ""C++"": 4988977, ""Tcl"": 42037, ""HTML"": 251531, ""Perl"": 10754, ""Roff"": 12863, ""CMake"": 6810, ""Shell"": 394, ""Cython"": 65728, ""Python"": 498629, ""Gnuplot"": 634, ""Makefile"": 14661, ""JavaScript"": 234810, ""POV-Ray SDL"": 14832}]"
ScoringEngine,https://github.com/DSU-DefSec/ScoringEngine,18,2,321,2023-09-12 14:18:14,7,"[{""CSS"": 514, ""HTML"": 29340, ""TSQL"": 4789, ""Shell"": 4174, ""Python"": 112727, ""JavaScript"": 11083}]"
Swordfish-API-Emulator,https://github.com/SNIA/Swordfish-API-Emulator,18,13,249,2023-10-24 19:05:41,20,"[{""Shell"": 9308, ""Python"": 11643504}]"
freesound-explorer,https://github.com/ffont/freesound-explorer,18,4,802,2023-07-02 01:01:55,3,"[{""CSS"": 10657, ""HTML"": 1499, ""SCSS"": 24496, ""Python"": 24740, ""JavaScript"": 302941}]"
Blog-bak,https://github.com/LoRexxar/Blog-bak,16,0,172,2023-09-28 10:35:14,6,[{}]
project,https://github.com/rtp-book/project,16,2,51,2023-10-12 19:44:18,6,"[{""HTML"": 713, ""Python"": 78472, ""JavaScript"": 598}]"
signac-dashboard,https://github.com/glotzerlab/signac-dashboard,16,11,559,2023-07-19 09:17:53,6,"[{""HTML"": 24037, ""SCSS"": 13633, ""Jinja"": 1607, ""Python"": 80949, ""JavaScript"": 16883}]"
TENNISON,https://github.com/SDN-Security/TENNISON,15,3,54,2023-11-06 09:20:14,7,"[{""CSS"": 1534, ""HTML"": 182500, ""Java"": 298632, ""Less"": 9759, ""Shell"": 15110, ""Python"": 332442, ""JavaScript"": 166032}]"
keybase,https://github.com/redislabs-training/keybase,15,0,152,2023-11-17 17:49:19,2,"[{""CSS"": 20722, ""HTML"": 138275, ""Shell"": 300, ""Python"": 120321, ""Dockerfile"": 272, ""JavaScript"": 21841}]"
hackathon-2023-summer,https://github.com/parity-asia/hackathon-2023-summer,14,72,1055,2023-08-14 01:34:00,77,"[{""C"": 1425, ""Go"": 417286, ""C++"": 23722, ""CSS"": 3033491, ""EJS"": 2746, ""MDX"": 38551, ""Nix"": 6355, ""Vue"": 565144, ""Dart"": 489954, ""HTML"": 528037, ""Less"": 371904, ""Mako"": 494, ""Ruby"": 2685, ""Rust"": 38092580, ""SCSS"": 1147049, ""CMake"": 18863, ""Shell"": 79727, ""Swift"": 1990, ""Circom"": 7668, ""Elixir"": 71585, ""Kotlin"": 134, ""Python"": 1506098, ""Makefile"": 8176, ""Solidity"": 832846, ""Dockerfile"": 16128, ""Handlebars"": 45166, ""JavaScript"": 2321473, ""TypeScript"": 12627162, ""Objective-C"": 38, ""WebAssembly"": 458716, ""Jupyter Notebook"": 539282}]"
ipmon,https://github.com/mistergates/ipmon,14,0,33,2023-12-15 21:16:27,10,"[{""HTML"": 36673, ""Mako"": 494, ""Python"": 53380, ""JavaScript"": 111971}]"
collectives,https://github.com/Club-Alpin-Annecy/collectives,13,14,1011,2023-11-14 18:21:50,19,"[{""CSS"": 3540, ""HTML"": 259373, ""Mako"": 494, ""SCSS"": 62197, ""Shell"": 2227, ""Python"": 848139, ""Dockerfile"": 616, ""JavaScript"": 98954}]"
encore,https://github.com/statgen/encore,13,9,706,2023-06-21 22:02:17,6,"[{""R"": 7419, ""C++"": 21868, ""CSS"": 8506, ""HTML"": 115485, ""CMake"": 2077, ""Shell"": 155, ""Python"": 263636, ""Makefile"": 8904, ""Dockerfile"": 1704, ""JavaScript"": 134437}]"
frasco,https://github.com/digicoop/frasco,13,2,244,2022-09-21 12:06:15,1,"[{""HTML"": 40395, ""Python"": 329688, ""JavaScript"": 7174}]"
pro-guide,https://github.com/Darrenzzy/pro-guide,13,0,178,2023-05-08 18:35:52,6,"[{""PHP"": 31841, ""Shell"": 37534, ""Python"": 1359151, ""Makefile"": 1410}]"
stared-repos,https://github.com/academic-resources/stared-repos,13,2,529,2023-10-28 09:22:21,11,[{}]
Haldis,https://github.com/ZeusWPI/Haldis,12,32,724,2023-04-21 07:34:26,15,"[{""CSS"": 21505, ""HTML"": 43005, ""Mako"": 412, ""SCSS"": 20745, ""Shell"": 2011, ""Python"": 88065, ""Makefile"": 530, ""Dockerfile"": 580, ""Emacs Lisp"": 2623, ""JavaScript"": 7873, ""Vim Script"": 2282}]"
MyLists,https://github.com/Crossoufire/MyLists,12,2,925,2023-11-07 21:17:52,4,"[{""CSS"": 2985, ""HTML"": 85608, ""Mako"": 494, ""Shell"": 33, ""Python"": 314098, ""JavaScript"": 391697}]"
OctoBot-Services,https://github.com/Drakkar-Software/OctoBot-Services,12,5,251,2023-10-27 08:32:36,22,"[{""Cython"": 717, ""Python"": 162633, ""Makefile"": 1077}]"
PyART,https://github.com/PYART0/PyART,12,0,12,2023-12-13 10:22:46,6,"[{""Perl"": 1836, ""Shell"": 88, ""Python"": 272608}]"
Things-Organizer,https://github.com/yeyeto2788/Things-Organizer,12,2,129,2023-10-01 07:04:43,1,"[{""CSS"": 6833, ""HTML"": 55245, ""Mako"": 494, ""SCSS"": 7910, ""Python"": 85824, ""Dockerfile"": 827, ""JavaScript"": 4545}]"
license-key-manager,https://github.com/BUILT-CoLAB/license-key-manager,12,6,215,2023-12-19 23:01:52,3,"[{""C#"": 11196, ""CSS"": 115, ""HTML"": 183021, ""Shell"": 123, ""Python"": 127997, ""Dockerfile"": 1054, ""JavaScript"": 2644}]"
ramp-board,https://github.com/paris-saclay-cds/ramp-board,12,17,1503,2023-12-20 03:19:38,17,"[{""CSS"": 68859, ""HTML"": 127428, ""Shell"": 5580, ""Python"": 785868, ""Makefile"": 1443, ""Batchfile"": 1127, ""JavaScript"": 947921}]"
stemmaweb,https://github.com/tla/stemmaweb,12,11,1176,2023-12-15 16:50:43,9,"[{""CSS"": 4539, ""HTML"": 10766, ""Shell"": 15991, ""Python"": 114096, ""Makefile"": 5435, ""Dockerfile"": 2550, ""JavaScript"": 188605, ""TypeScript"": 6021}]"
DeepStreaks,https://github.com/dmitryduev/DeepStreaks,11,3,486,2023-08-03 16:40:49,2,"[{""CSS"": 187097, ""HTML"": 49206, ""Python"": 355541, ""Dockerfile"": 6921, ""JavaScript"": 2098060}]"
QSNMP,https://github.com/mertcangokgoz/QSNMP,11,2,15,2023-09-28 10:38:40,2,"[{""HTML"": 23625, ""Python"": 7009}]"
flask-sketch,https://github.com/ericsouza/flask-sketch,11,0,63,2021-05-29 17:12:47,2,"[{""Python"": 62681, ""Makefile"": 751}]"
fundonebot,https://github.com/wthueb/fundonebot,11,2,72,2023-10-02 20:51:36,8,"[{""HTML"": 4594, ""Python"": 99523}]"
mediatum,https://github.com/mediatum/mediatum,11,9,2837,2023-02-16 15:28:36,7,"[{""CSS"": 297732, ""Nix"": 16700, ""HTML"": 694750, ""Mako"": 494, ""TSQL"": 3236, ""Shell"": 639, ""Python"": 2602992, ""PLpgSQL"": 77904, ""JavaScript"": 1489572}]"
sner4,https://github.com/bodik/sner4,11,2,1176,2023-10-21 20:05:02,5,"[{""CSS"": 14679, ""HTML"": 144539, ""Mako"": 494, ""SCSS"": 16, ""Shell"": 5031, ""Python"": 660287, ""Makefile"": 1330, ""JavaScript"": 81678}]"
user_management,https://github.com/hriks/user_management,11,2,86,2023-08-19 08:04:34,2,"[{""CSS"": 4104, ""HTML"": 24416, ""Python"": 20860, ""Procfile"": 35, ""JavaScript"": 969}]"
Physician-Request-Web-App,https://github.com/ondiekelijah/Physician-Request-Web-App,10,0,19,2022-09-15 17:40:42,1,"[{""CSS"": 26594, ""HTML"": 28709, ""Mako"": 494, ""Python"": 38099, ""JavaScript"": 469}]"
frame-difference-loss,https://github.com/AtlantixJJ/frame-difference-loss,10,0,19,2023-07-31 08:45:21,1,"[{""CSS"": 62414, ""HTML"": 25008, ""Python"": 150589, ""JavaScript"": 14817}]"
pum13-2023,https://github.com/PUM13-2023/pum13-2023,10,9,463,2023-04-26 11:42:58,1,"[{""CSS"": 29908, ""Python"": 134108, ""Dockerfile"": 607, ""JavaScript"": 327}]"
vdm,https://github.com/samstarnes/vdm,10,0,111,2023-12-13 01:19:03,0,"[{""CSS"": 1629, ""HTML"": 26319, ""Python"": 50912, ""Dockerfile"": 781}]"
CollabPentestFramework,https://github.com/w8mej/CollabPentestFramework,9,40,12152,2023-05-25 06:34:04,6,"[{""Nix"": 21610, ""HTML"": 8043, ""Mako"": 494, ""Jinja"": 1392, ""Shell"": 4746, ""Python"": 1605016, ""Dockerfile"": 779, ""JavaScript"": 16800}]"
Parkie,https://github.com/No3Mc/Parkie,9,4,1134,2023-11-28 22:57:02,1,"[{""CSS"": 74538, ""HTML"": 91364, ""Python"": 48003, ""Batchfile"": 931, ""JavaScript"": 53434}]"
bot_delo_zhivet,https://github.com/Studio-Yandex-Practicum/bot_delo_zhivet,9,28,864,2023-07-12 09:27:20,11,"[{""HTML"": 64804, ""Mako"": 510, ""Shell"": 4479, ""Python"": 183044}]"
hazebot,https://github.com/airq-dev/hazebot,9,4,323,2022-10-02 02:36:01,1,"[{""HTML"": 9568, ""Mako"": 494, ""Shell"": 3191, ""Python"": 245275, ""Dockerfile"": 785}]"
prismo,https://github.com/hacklabkyiv/prismo,9,4,104,2023-12-22 09:22:11,0,"[{""CSS"": 1838, ""HTML"": 20250, ""Shell"": 77, ""Python"": 41694, ""Dockerfile"": 549, ""JavaScript"": 8032}]"
quart-flask-patch,https://github.com/pgjones/quart-flask-patch,9,0,12,2023-10-23 16:14:40,0,"[{""Python"": 18436}]"
shipit,https://github.com/mozilla-releng/shipit,9,29,709,2023-09-16 11:43:27,25,"[{""HTML"": 1635, ""Shell"": 5730, ""Python"": 239258, ""Dockerfile"": 6387, ""JavaScript"": 120301}]"
zesje,https://github.com/zesje/zesje,9,29,3883,2022-10-31 20:31:18,1,"[{""CSS"": 2263, ""HTML"": 248, ""Mako"": 957, ""SCSS"": 7373, ""Python"": 456069, ""Dockerfile"": 2408, ""JavaScript"": 259011}]"
OctoPuppet,https://github.com/UTA-FabLab/OctoPuppet,8,174,7529,2021-03-31 06:57:45,2,"[{""CSS"": 125636, ""HTML"": 267769, ""Shell"": 3726, ""G-code"": 1651045, ""Python"": 1434027, ""JavaScript"": 1599450}]"
TigerDataCoding,https://github.com/paigerodeghero/TigerDataCoding,8,13,107,2022-05-03 19:24:48,7,"[{""CSS"": 1651, ""VBA"": 386671, ""HTML"": 1722, ""Python"": 12491, ""Dockerfile"": 216, ""JavaScript"": 294, ""TypeScript"": 25189}]"
coffeebuddy,https://github.com/hackenbergstefan/coffeebuddy,8,2,189,2023-06-30 10:34:34,3,"[{""CSS"": 2291, ""HTML"": 64096, ""Shell"": 4565, ""Python"": 72246, ""JavaScript"": 4689}]"
octane,https://github.com/techfreaque/octane,8,2,132,2023-11-24 22:25:54,7,"[{""C"": 938, ""CSS"": 12933, ""HTML"": 330872, ""Roff"": 3350, ""Shell"": 6394, ""Cython"": 10035, ""Python"": 8578689, ""Makefile"": 7071, ""Batchfile"": 799, ""Dockerfile"": 3735, ""JavaScript"": 269324, ""PowerShell"": 7884}]"
opac,https://github.com/scieloorg/opac,8,19,1937,2023-08-23 18:14:53,22,"[{""CSS"": 28018, ""HTML"": 256308, ""Less"": 142342, ""Mako"": 412, ""Shell"": 567, ""Python"": 909070, ""Makefile"": 7235, ""Dockerfile"": 1669, ""JavaScript"": 846138}]"
p2k16,https://github.com/bitraf/p2k16,8,14,481,2022-12-15 14:34:51,10,"[{""CSS"": 3839, ""HTML"": 52139, ""Shell"": 5472, ""Python"": 149300, ""Dockerfile"": 1644, ""JavaScript"": 50006}]"
ApiLogicServer-src,https://github.com/ApiLogicServer/ApiLogicServer-src,7,2,566,2023-11-26 10:57:16,0,"[{""HTML"": 3255096, ""Mako"": 494, ""TSQL"": 1379537, ""PLSQL"": 1140049, ""Shell"": 55173, ""Python"": 1287157, ""Gherkin"": 18117, ""PLpgSQL"": 316610, ""Dockerfile"": 30113, ""JavaScript"": 54521, ""PowerShell"": 6079}]"
VSOURCE_FACE_PLATFORM,https://github.com/VSOURCE-Platform/VSOURCE_FACE_PLATFORM,7,2,125,2021-11-09 11:52:11,0,"[{""CSS"": 2469, ""HTML"": 51286, ""Shell"": 592, ""Python"": 155682, ""JavaScript"": 26847}]"
akvo-tech-consultancy,https://github.com/akvo/akvo-tech-consultancy,7,18,1987,2023-11-22 06:54:53,2,"[{""CSS"": 322743, ""PHP"": 3479377, ""Vue"": 1695, ""HTML"": 263216, ""Hack"": 116238, ""Mako"": 494, ""SCSS"": 51337, ""Blade"": 557907, ""Shell"": 81011, ""Python"": 340013, ""Svelte"": 3496, ""Dockerfile"": 6418, ""JavaScript"": 10658137, ""Jupyter Notebook"": 6616168}]"
dds_web,https://github.com/ScilifelabDataCentre/dds_web,7,13,5794,2023-10-10 07:47:28,7,"[{""HTML"": 80589, ""Mako"": 494, ""SCSS"": 6985, ""Python"": 1174500, ""Dockerfile"": 2695, ""JavaScript"": 2947}]"
padwoman,https://github.com/HackHerz/padwoman,7,2,108,2022-02-10 17:04:10,4,"[{""HTML"": 11416, ""Python"": 35129, ""Dockerfile"": 404, ""JavaScript"": 6324}]"
weave,https://github.com/razzius/weave,7,5,945,2023-08-18 16:30:08,2,"[{""CSS"": 6897, ""HTML"": 521, ""Shell"": 1182, ""Python"": 121438, ""Makefile"": 233, ""Dockerfile"": 1485, ""JavaScript"": 163408}]"
Code9ja,https://github.com/BrightDaniel/Code9ja,6,0,28,2023-10-02 23:27:06,5,"[{""C"": 197077, ""C++"": 253020, ""CSS"": 562078, ""HTML"": 227975, ""Mako"": 19590, ""SCSS"": 352201, ""Cython"": 21960, ""Python"": 24405990, ""Assembly"": 3086, ""Procfile"": 22, ""Batchfile"": 1515, ""JavaScript"": 269386, ""PowerShell"": 25697}]"
emhub,https://github.com/3dem/emhub,6,3,792,2023-10-20 14:07:59,2,"[{""CSS"": 127417, ""HTML"": 452410, ""Mako"": 516, ""Python"": 414163, ""Procfile"": 135, ""Dockerfile"": 305, ""JavaScript"": 65201}]"
fuzzbucket,https://github.com/rstudio/fuzzbucket,6,4,453,2023-10-17 01:41:57,2,"[{""HTML"": 710, ""Just"": 490, ""Shell"": 391, ""Python"": 216788}]"
infilcheck,https://github.com/jonnykry/infilcheck,6,3,317,2023-08-31 17:05:34,3,"[{""CSS"": 1164, ""HTML"": 12132, ""Python"": 30260, ""Procfile"": 45, ""JavaScript"": 781}]"
superset-patchup,https://github.com/onaio/superset-patchup,6,10,134,2023-11-01 14:58:43,7,"[{""Python"": 51040}]"
2018-PyDash.io,https://github.com/RUGSoftEng/2018-PyDash.io,5,10,1387,2020-09-05 13:09:05,2,"[{""CSS"": 1688, ""TeX"": 20914, ""HTML"": 22667, ""Shell"": 4115, ""Python"": 240602, ""Gherkin"": 1799, ""Makefile"": 718, ""Batchfile"": 939, ""JavaScript"": 126233}]"
FlaskRepository,https://github.com/greatabel/FlaskRepository,5,2,246,2023-08-09 03:36:49,0,"[{""CSS"": 2516, ""HTML"": 103746, ""Mako"": 4940, ""Shell"": 121, ""Python"": 337263, ""JavaScript"": 1123}]"
PyOpenBBSMiddleware,https://github.com/Ptt-official-app/PyOpenBBSMiddleware,5,2,40,2020-12-15 23:52:03,2,"[{""HTML"": 1400, ""Shell"": 5860, ""Python"": 99619, ""Dockerfile"": 336}]"
SME-PratoAberto-Editor,https://github.com/prefeiturasp/SME-PratoAberto-Editor,5,10,321,2022-01-26 19:30:53,6,"[{""CSS"": 11218, ""HTML"": 500815, ""Python"": 175160, ""Dockerfile"": 363, ""JavaScript"": 11836}]"
SaaS-in-a-Flask,https://github.com/navanchauhan/SaaS-in-a-Flask,5,3,157,2023-07-04 22:30:37,0,"[{""CSS"": 60, ""HTML"": 15441, ""Mako"": 494, ""Python"": 26906, ""Makefile"": 1116, ""Procfile"": 183, ""Dockerfile"": 1183}]"
Trombi,https://github.com/Mogmi95/Trombi,5,2,257,2020-09-15 14:41:55,1,"[{""CSS"": 73057, ""PHP"": 2232, ""HTML"": 269039, ""Mako"": 494, ""Python"": 64470, ""JavaScript"": 368209}]"
admin-gsc,https://github.com/bujnlc8/admin-gsc,5,0,29,2023-11-03 15:40:43,6,"[{""HTML"": 1424, ""Shell"": 627, ""Python"": 63050, ""Procfile"": 19, ""Dockerfile"": 462}]"
anki-language-tools,https://github.com/Language-Tools/anki-language-tools,5,0,607,2023-08-20 14:53:53,0,"[{""Shell"": 1675, ""Python"": 323429, ""Svelte"": 3853, ""JavaScript"": 1819, ""TypeScript"": 514}]"
ao3-web-reader,https://github.com/zNitche/ao3-web-reader,5,0,96,2023-12-20 21:16:18,0,"[{""CSS"": 5145, ""HTML"": 26966, ""Shell"": 66, ""Python"": 84345, ""Dockerfile"": 509, ""JavaScript"": 4455}]"
atlanticwave-proto,https://github.com/atlanticwave-sdx/atlanticwave-proto,5,8,949,2023-07-24 07:17:36,6,"[{""CSS"": 13318, ""HTML"": 95776, ""Shell"": 88389, ""Python"": 1014565, ""Dockerfile"": 3053, ""JavaScript"": 4400}]"
binder_gallery,https://github.com/gesiscss/binder_gallery,5,3,216,2023-02-16 16:13:25,1,"[{""CSS"": 8479, ""HTML"": 21501, ""Mako"": 494, ""Python"": 67531, ""Dockerfile"": 1035, ""JavaScript"": 3267}]"
estimagus,https://github.com/matejak/estimagus,5,0,290,2023-06-21 09:15:52,0,"[{""CSS"": 236, ""HTML"": 19841, ""Jinja"": 7283, ""Python"": 347605, ""Dockerfile"": 495}]"
flask-paseto-extended,https://github.com/dajiaji/flask-paseto-extended,5,3,321,2023-12-06 01:54:12,0,"[{""Python"": 67683}]"
flasquelistan,https://github.com/teknologkoren/flasquelistan,5,5,475,2022-11-02 23:24:33,3,"[{""CSS"": 13327, ""HTML"": 78261, ""Jinja"": 1135, ""Shell"": 154, ""Python"": 200360, ""JavaScript"": 11472}]"
invenio-accounts,https://github.com/inveniosoftware/invenio-accounts,5,63,1280,2022-11-16 15:24:21,65,"[{""HTML"": 32520, ""Shell"": 1556, ""Python"": 261293}]"
neurohealth.care,https://github.com/denisafanasev/neurohealth.care,5,3,732,2023-08-24 07:18:08,0,"[{""CSS"": 96331, ""HTML"": 296081, ""Roff"": 1052230, ""Shell"": 4849, ""Python"": 468676, ""JavaScript"": 493561}]"
notasi,https://github.com/tullyclark/notasi,5,3,293,2023-10-05 00:23:34,2,"[{""CSS"": 12622, ""HTML"": 44959, ""Shell"": 3789, ""Python"": 78942, ""JavaScript"": 453710}]"
pcra,https://github.com/JennaSys/pcra,5,0,68,2023-05-30 03:34:36,2,"[{""CSS"": 1189, ""HTML"": 1134, ""Python"": 48799, ""JavaScript"": 598}]"
pia-lara,https://github.com/PIALARA/pia-lara,5,15,251,2023-01-31 21:01:22,10,"[{""CSS"": 1007, ""HTML"": 59923, ""SCSS"": 8288, ""Python"": 122274, ""JavaScript"": 11363}]"
postmodern-paste,https://github.com/postmodern-paste/postmodern-paste,5,7,256,2022-10-25 01:10:30,0,"[{""HTML"": 59555, ""Ruby"": 351, ""SCSS"": 20594, ""Python"": 228940, ""Makefile"": 1184, ""JavaScript"": 93555}]"
prompt-linter,https://github.com/pisterlabs/prompt-linter,5,4,126,2023-12-23 08:17:20,4,"[{""Shell"": 585, ""Python"": 15528349, ""Smarty"": 1999, ""Jupyter Notebook"": 11208515}]"
reana-server,https://github.com/reanahub/reana-server,5,16,598,2022-11-22 16:43:10,30,"[{""Shell"": 4200, ""Python"": 470463, ""Dockerfile"": 3469}]"
repocribro,https://github.com/MarekSuchanek/repocribro,5,0,241,2021-01-13 11:19:01,2,"[{""CSS"": 1996, ""HTML"": 57114, ""Mako"": 494, ""Python"": 223534, ""Dockerfile"": 378, ""JavaScript"": 1}]"
sedmpy,https://github.com/scizen9/sedmpy,5,5,1700,2022-02-16 22:57:00,4,"[{""CSS"": 2734, ""HTML"": 37726, ""Shell"": 2873, ""Python"": 1359581, ""JavaScript"": 1000}]"
utils,https://github.com/Ctrlsman/utils,5,2,28,2020-03-13 03:32:56,0,"[{""Python"": 15519}]"